order_id,client_order_id,timestamp,update_timestamp,symbol,type,side,status,planned_price,planned_stop_price,avg_fill_price,amount,filled,cost,dt
16792768465,x-cvBPrNm9f15353446bdd885570cfb0,1789257614729,1789257614729,ETHUSDT,LIMIT,BUY,FILLED,2525.01,0.0,2524.99,0.396,0.396,999.89604,2026-09-13 00:00:14.729000+00:00
3500944705,x-cvBPrNm994e7520f13623ea774d1f8,1789257619891,1789257622082,XRPUSDT,LIMIT,BUY,FILLED,1.3657,0.0,1.3657,732.2,732.2,999.96554,2026-09-13 00:00:19.891000+00:00
16792776841,x-cvBPrNm9df25cde1dd11a56f556c61,1789258512147,1789258518774,ETHUSDT,LIMIT,BUY,CANCELED,2525.01,0.0,2525.01,0.237,0.116,292.90116,2026-09-13 00:15:12.147000+00:00
16792864254,x-cvBPrNm9a1f7bfe2f07b2fe998b1c8,1789268451037,1789268451037,ETHUSDT,MARKET,SELL,FILLED,0.0,0.0,2519.58,0.396,0.396,997.75368,2026-09-13 03:00:51.037000+00:00
28582605292,x-cvBPrNm99d4709c952f0b0e3bc8a21,1789272907959,1789272919733,BTCUSDT,LIMIT,SELL,CANCELED,77178.0,0.0,0.0,0.0095,0.0,0.0,2026-09-13 04:15:07.959000+00:00
4202369669,x-cvBPrNm904d15db76e74188f380408,1789272914436,1789272914436,SOLUSDT,LIMIT,SELL,FILLED,101.61,0.0,101.61,7.3,7.3,741.753,2026-09-13 04:15:14.436000+00:00
4202370193,x-cvBPrNm9cc7c2e89aec3bcc127bae3,1789272973575,1789272973575,SOLUSDT,MARKET,BUY,FILLED,0.0,0.0,101.91,7.3,7.3,743.943,2026-09-13 04:16:13.575000+00:00
3501103163,x-cvBPrNm9fd0e2f938fe56ba10270a5,1789282446084,1789282446084,XRPUSDT,MARKET,SELL,FILLED,0.0,0.0,1.3615,732.2,732.2,996.8903,2026-09-13 06:54:06.084000+00:00
28582722264,x-cvBPrNm978b7542ef8defe0d2fb0e9,1789283712154,1789283719496,BTCUSDT,LIMIT,SELL,CANCELED,77129.9,0.0,0.0,0.0121,0.0,0.0,2026-09-13 07:15:12.154000+00:00
2342609525,x-cvBPrNm9d119321d99d30408aa8ba1,1789336821943,1789337723407,DOGEUSDT,LIMIT,SELL,CANCELED,0.08398,0.0,0.0,11187.0,0.0,0.0,2026-09-13 22:00:21.943000+00:00
16793613976,x-cvBPrNm902a51f2c0f0d048b49167b,1789338623711,1789338623711,ETHUSDT,MARKET,SELL,FILLED,0.0,0.0,2479.7,0.116,0.116,287.6452,2026-09-13 22:30:23.711000+00:00
2343028799,x-cvBPrNm96436d27bed2bf00398e368,1789388111283,1789388111283,DOGEUSDT,LIMIT,SELL,FILLED,0.08407,0.0,0.08415,11859.0,11859.0,997.93485,2026-09-14 12:15:11.283000+00:00
2343043272,x-cvBPrNm9edcd64c4c290e4162b45ac,1789389911879,1789389911879,DOGEUSDT,MARKET,BUY,FILLED,0.0,0.0,0.0841,11859.0,11859.0,997.3419,2026-09-14 12:45:11.879000+00:00
2343051895,x-cvBPrNm9b008724c9e3e0f73341e6b,1789390813768,1789393646144,DOGEUSDT,LIMIT,SELL,FILLED,0.08409,0.0,0.08409,11856.0,11856.0,996.97104,2026-09-14 13:00:13.768000+00:00
4203530633,x-cvBPrNm9249930e1339d60769be703,1789390820372,1789392648568,SOLUSDT,LIMIT,SELL,FILLED,101.34,0.0,101.34,9.83,9.83,996.1722,2026-09-14 13:00:20.372000+00:00
4203603941,x-cvBPrNm979ac42b0848f0d7e36173d,1789398913683,1789398913683,SOLUSDT,MARKET,BUY,FILLED,0.0,0.0,101.73,9.83,9.83,1000.0059,2026-09-14 15:15:13.683000+00:00
2343164503,x-cvBPrNm9a3b9aa69329411d5f9ba4f,1789403410277,1789403410277,DOGEUSDT,MARKET,BUY,FILLED,0.0,0.0,0.08426,11856.0,11856.0,998.98656,2026-09-14 16:30:10.277000+00:00
2343836860,x-cvBPrNm9ab0563d787febb31dd7019,1789483511502,1789484424492,DOGEUSDT,LIMIT,SELL,CANCELED,0.08248,0.0,0.0,12070.0,0.0,0.0,2026-09-15 14:45:11.502000+00:00
28586931394,x-cvBPrNm99cffc618cae118ce1d14f9,1789498810285,1789498810285,BTCUSDT,LIMIT,SELL,FILLED,75969.5,0.0,75983.0,0.0131,0.0131,995.3773,2026-09-15 19:00:10.285000+00:00
28586934934,x-cvBPrNm97025aff643ff3f15f22e63,1789499157722,1789499157722,BTCUSDT,MARKET,BUY,FILLED,0.0,0.0,76798.0,0.0131,0.0131,1006.0538,2026-09-15 19:05:57.722000+00:00
4204971731,x-cvBPrNm95da3c07a79810573e5386d,1789539313195,1789539316573,SOLUSDT,LIMIT,SELL,FILLED,97.09,0.0,97.162805,10.23,10.23,993.9755,2026-09-16 06:15:13.195000+00:00
4204979586,x-cvBPrNm9015ecfb1d80472c6ceef34,1789540212557,1789540212557,SOLUSDT,MARKET,BUY,FILLED,0.0,0.0,97.268084,10.23,10.23,995.0525,2026-09-16 06:30:12.557000+00:00
4204989028,x-cvBPrNm944312a093cf5358c758d4f,1789541112703,1789541122220,SOLUSDT,LIMIT,SELL,FILLED,96.99,0.0,96.99,10.23,10.23,992.2077,2026-09-16 06:45:12.703000+00:00
4204998430,x-cvBPrNm960b9b1ce224c63d3745c7b,1789542008063,1789542008063,SOLUSDT,MARKET,BUY,FILLED,0.0,0.0,97.3,10.23,10.23,995.379,2026-09-16 07:00:08.063000+00:00
2344354132,x-cvBPrNm9d821cd549559df270168bf,1789542009831,1789542009831,DOGEUSDT,LIMIT,SELL,FILLED,0.08004,0.0,0.0802,12407.0,12407.0,995.0414,2026-09-16 07:00:09.831000+00:00
16795929781,x-cvBPrNm9869ee74552b26ef7b4dcb8,1789542013422,1789542013422,ETHUSDT,LIMIT,SELL,FILLED,2397.08,0.0,2404.85,0.551,0.551,1325.07235,2026-09-16 07:00:13.422000+00:00
16795930501,x-cvBPrNm9132ca7e349192826a22d1a,1789542079035,1789542079035,ETHUSDT,MARKET,BUY,FILLED,0.0,0.0,2406.64,0.551,0.551,1326.05864,2026-09-16 07:01:19.035000+00:00
2344356032,x-cvBPrNm927f1a3a8a0d5f0fda56561,1789542212405,1789542212405,DOGEUSDT,MARKET,BUY,FILLED,0.0,0.0,0.08034,12407.0,12407.0,996.77838,2026-09-16 07:03:32.405000+00:00
2344363137,x-cvBPrNm9ca4f337b740e9cf90873e4,1789542910532,1789542910532,DOGEUSDT,LIMIT,SELL,FILLED,0.07999,0.0,0.07999,12392.0,12392.0,991.23608,2026-09-16 07:15:10.532000+00:00
16795949910,x-cvBPrNm97f3f0b032488e1aabcea0c,1789543811077,1789544391313,ETHUSDT,LIMIT,SELL,FILLED,2399.81,0.0,2399.81,0.413,0.413,991.12153,2026-09-16 07:30:11.077000+00:00
28587494550,x-cvBPrNm93111e82fc71005b18fee73,1789545608168,1789545920265,BTCUSDT,LIMIT,SELL,FILLED,75773.1,0.0,75773.1,0.013,0.013,985.0503,2026-09-16 08:00:08.168000+00:00
16796019059,x-cvBPrNm989a9b3ae37a7346c27087d,1789551911855,1789551911855,ETHUSDT,MARKET,BUY,FILLED,0.0,0.0,2403.39,0.413,0.413,992.60007,2026-09-16 09:45:11.855000+00:00
28587587462,x-cvBPrNm93ce7ee9b8e9f23d3d331cf,1789552951978,1789552951978,BTCUSDT,MARKET,BUY,FILLED,0.0,0.0,75996.2,0.013,0.013,987.9506,2026-09-16 10:02:31.978000+00:00
2344481852,x-cvBPrNm9e4a10e803db5672741c54d,1789557309205,1789557309205,DOGEUSDT,MARKET,BUY,FILLED,0.0,0.0,0.07989,12392.0,12392.0,989.99688,2026-09-16 11:15:09.205000+00:00
2344537422,x-cvBPrNm9abb52dee32380ac08a8cfc,1789563610650,1789563610650,DOGEUSDT,LIMIT,SELL,FILLED,0.0793,0.0,0.07931,12487.0,12487.0,990.34397,2026-09-16 13:00:10.650000+00:00
28587755482,x-cvBPrNm9874e4056292b565f9581c9,1789566310245,1789566310245,BTCUSDT,LIMIT,SELL,FILLED,75742.9,0.0,75754.3,0.013,0.013,984.8059,2026-09-16 13:45:10.245000+00:00
16796156249,x-cvBPrNm9f3cd538c0f5af4e51bef3b,1789566315084,1789566324380,ETHUSDT,LIMIT,SELL,FILLED,2398.16,0.0,2398.16814,0.413,0.413,990.44344,2026-09-16 13:45:15.084000+00:00
16796164575,x-cvBPrNm9e6f2af29bef5b7498469f2,1789567212379,1789567212379,ETHUSDT,MARKET,BUY,FILLED,0.0,0.0,2393.11,0.413,0.413,988.35443,2026-09-16 14:00:12.379000+00:00
16796164675,x-cvBPrNm9b05ab85d920aef33ccf118,1789567223802,1789568127574,ETHUSDT,LIMIT,SELL,CANCELED,2398.16,0.0,0.0,0.413,0.0,0.0,2026-09-16 14:00:23.802000+00:00
4205240564,x-cvBPrNm94d49c2eecdc1febcf0acea,1789567229990,1789568141054,SOLUSDT,LIMIT,SELL,CANCELED,97.13,0.0,0.0,10.22,0.0,0.0,2026-09-16 14:00:29.990000+00:00
2344710762,x-cvBPrNm914840460e96a4a5141c636,1789581968011,1789581968011,DOGEUSDT,MARKET,BUY,FILLED,0.0,0.0,0.07998,12487.0,12487.0,998.71026,2026-09-16 18:06:08.011000+00:00
28587951299,x-cvBPrNm985bd158b2166a7ee76e8db,1789582237654,1789582237654,BTCUSDT,MARKET,BUY,FILLED,0.0,0.0,76100.0,0.013,0.013,989.3,2026-09-16 18:10:37.654000+00:00
28588035380,x-cvBPrNm9521bba67f5cb064fb382a7,1789587909416,1789587909416,BTCUSDT,LIMIT,SELL,FILLED,75494.9,0.0,75847.0,0.013,0.013,986.011,2026-09-16 19:45:09.416000+00:00
28588036646,x-cvBPrNm93562e549522f8ba952f613,1789588003979,1789588003979,BTCUSDT,MARKET,BUY,FILLED,0.0,0.0,75982.4,0.013,0.013,987.7712,2026-09-16 19:46:43.979000+00:00
28588156816,x-cvBPrNm9f388f775a80ccf09674358,1789598708992,1789598708992,BTCUSDT,LIMIT,SELL,FILLED,75722.5,0.0,75726.1,0.013,0.013,984.4393,2026-09-16 22:45:08.992000+00:00
16796466236,x-cvBPrNm92fbbfe4329071f6855e466,1789599610997,1789600166093,ETHUSDT,LIMIT,SELL,FILLED,2396.72,0.0,2396.72,0.412,0.412,987.44864,2026-09-16 23:00:10.997000+00:00
4205565796,x-cvBPrNm9509ecad9bc8d0a4aba035e,1789599618018,1789599618018,SOLUSDT,LIMIT,SELL,FILLED,97.44,0.0,97.45,10.13,10.13,987.1685,2026-09-16 23:00:18.018000+00:00
4205574251,x-cvBPrNm9e9eb43feae322e12d1bfc4,1789600512516,1789600512516,SOLUSDT,MARKET,BUY,FILLED,0.0,0.0,97.7,10.13,10.13,989.701,2026-09-16 23:15:12.516000+00:00
4205574294,x-cvBPrNm97a96cbfd05c88c62e0c370,1789600517466,1789600517466,SOLUSDT,LIMIT,SELL,FILLED,97.44,0.0,97.658043,10.12,10.12,988.2994,2026-09-16 23:15:17.466000+00:00
16796477531,x-cvBPrNm9eb6f6636eb28ab1310d81f,1789600856842,1789600856842,ETHUSDT,MARKET,BUY,FILLED,0.0,0.0,2409.49,0.412,0.412,992.70988,2026-09-16 23:20:56.842000+00:00
4205579214,x-cvBPrNm9bea36489f0e0f0c187dd1a,1789601006610,1789601006610,SOLUSDT,MARKET,BUY,FILLED,0.0,0.0,98.35,10.12,10.12,995.302,2026-09-16 23:23:26.610000+00:00
28588189338,x-cvBPrNm906e911561b9b9c74d7eaa7,1789602011447,1789602011447,BTCUSDT,MARKET,BUY,FILLED,0.0,0.0,76093.1,0.013,0.013,989.2103,2026-09-16 23:40:11.447000+00:00
3503804021,x-cvBPrNm951f9e4867d1c566c1c1667,1789623920637,1789623921662,XRPUSDT,LIMIT,SELL,FILLED,1.2948,0.0,1.2948,758.9,758.9,982.62372,2026-09-17 05:45:20.637000+00:00
3503832804,x-cvBPrNm95a37a618907bf17f9e752d,1789627512801,1789627512801,XRPUSDT,MARKET,BUY,FILLED,0.0,0.0,1.3017,758.9,758.9,987.86013,2026-09-17 06:45:12.801000+00:00
28588592229,x-cvBPrNm93e84cc3140658ededcc633,1789641911261,1789641922999,BTCUSDT,LIMIT,SELL,FILLED,76329.3,0.0,76329.3,0.0128,0.0128,977.01504,2026-09-17 10:45:11.261000+00:00
4205923441,x-cvBPrNm99ffacc0aac670de29a4ea2,1789646412610,1789647325220,SOLUSDT,LIMIT,BUY,CANCELED,100.09,0.0,0.0,9.81,0.0,0.0,2026-09-17 12:00:12.610000+00:00
28588647622,x-cvBPrNm935aabd12c48b64ffd2941f,1789647135063,1789647135063,BTCUSDT,MARKET,BUY,FILLED,0.0,0.0,76598.8,0.0128,0.0128,980.46464,2026-09-17 12:12:15.063000+00:00
28588779785,x-cvBPrNm939e773d269f57e49c6246e,1789659015515,1789659015515,BTCUSDT,LIMIT,SELL,FILLED,76413.3,0.0,76414.4,0.0128,0.0128,978.10432,2026-09-17 15:30:15.515000+00:00
28588786140,x-cvBPrNm99264bc6ad36e296f80bcf9,1789659639061,1789659639062,BTCUSDT,MARKET,BUY,FILLED,0.0,0.0,76677.6,0.0128,0.0128,981.47328,2026-09-17 15:40:39.061000+00:00
3504130640,x-cvBPrNm9ca23a12cb72989055c6fa4,1789668014344,1789668014344,XRPUSDT,LIMIT,SELL,FILLED,1.2999,0.0,1.2999,753.8,753.8,979.86462,2026-09-17 18:00:14.344000+00:00
4206129876,x-cvBPrNm942f46dd0d334678a6942ec,1789677013693,1789677066691,SOLUSDT,LIMIT,BUY,FILLED,101.29,0.0,101.29,9.67,9.67,979.4743,2026-09-17 20:30:13.693000+00:00
4206174017,x-cvBPrNm9eeed3104776b35fbef25f0,1789684213029,1789684213029,SOLUSDT,MARKET,SELL,FILLED,0.0,0.0,100.78,9.67,9.67,974.5426,2026-09-17 22:30:13.029000+00:00
4206180100,x-cvBPrNm9c4f60ba9da7d4f8322a4dd,1789685114680,1789685114680,SOLUSDT,LIMIT,BUY,FILLED,101.4,0.0,101.4,9.65,9.65,978.51,2026-09-17 22:45:14.680000+00:00
2345620339,x-cvBPrNm90f48713734a4bea1fb1d5d,1789690510380,1789690510380,DOGEUSDT,LIMIT,BUY,FILLED,0.08175,0.0,0.0816,11969.0,11969.0,976.6704,2026-09-18 00:15:10.380000+00:00
2345622863,x-cvBPrNm99d1c60ed7744ed15d45ee2,1789690933066,1789690933066,DOGEUSDT,MARKET,SELL,FILLED,0.0,0.0,0.08147,11969.0,11969.0,975.11443,2026-09-18 00:22:13.066000+00:00
3504310375,x-cvBPrNm9ff190b9fad7dc7065ba8f6,1789693213300,1789693213300,XRPUSDT,MARKET,BUY,FILLED,0.0,0.0,1.3001,753.8,753.8,980.01538,2026-09-18 01:00:13.300000+00:00
4206257840,x-cvBPrNm9c86eac282d1938e8578322,1789696269083,1789696269083,SOLUSDT,MARKET,SELL,FILLED,0.0,0.0,102.57,9.65,9.65,989.8005,2026-09-18 01:51:09.083000+00:00
4206951747,x-cvBPrNm9667f2e005ec3962e40513c,1789778713958,1789778714346,SOLUSDT,LIMIT,BUY,FILLED,113.31,0.0,113.31,8.65,8.65,980.1315,2026-09-19 00:45:13.958000+00:00
4206978323,x-cvBPrNm9bddcae56bcfc748f9c689d,1789781828084,1789781828084,SOLUSDT,MARKET,SELL,FILLED,0.0,0.0,112.96,8.65,8.65,977.104,2026-09-19 01:37:08.084000+00:00
2346443269,x-cvBPrNm968fb9e4d1146beb2f88539,1789785010311,1789785010311,DOGEUSDT,LIMIT,BUY,FILLED,0.08848,0.0,0.08825,11070.0,11070.0,976.9275,2026-09-19 02:30:10.311000+00:00
2346475955,x-cvBPrNm910d26758f1515b96d79ccf,1789788639062,1789788639062,DOGEUSDT,MARKET,SELL,FILLED,0.0,0.0,0.08779,11070.0,11070.0,971.8353,2026-09-19 03:30:39.062000+00:00
28591175000,x-cvBPrNm9329d1227f2e94828ecedbe,1789791309336,1789791309336,BTCUSDT,LIMIT,SELL,FILLED,81114.0,0.0,81152.1,0.012,0.012,973.8252,2026-09-19 04:15:09.336000+00:00
28591362447,x-cvBPrNm9cb17e57d4e2c27dc0de090,1789805902071,1789805902071,BTCUSDT,MARKET,BUY,FILLED,0.0,0.0,81182.5,0.012,0.012,974.19,2026-09-19 08:18:22.071000+00:00
28591371754,x-cvBPrNm95870ae8774270cbe20bc3e,1789806612838,1789806626533,BTCUSDT,LIMIT,BUY,FILLED,81220.0,0.0,81220.0,0.012,0.012,974.64,2026-09-19 08:30:12.838000+00:00
2346695071,x-cvBPrNm9f1e285321ef125aff2c724,1789814710495,1789814923588,DOGEUSDT,LIMIT,BUY,FILLED,0.08772,0.0,0.08772,11160.0,11160.0,978.9552,2026-09-19 10:45:10.495000+00:00
28591603624,x-cvBPrNm9f9668cae34c6b22669f2ea,1789825508084,1789825508084,BTCUSDT,MARKET,SELL,FILLED,0.0,0.0,81211.2,0.012,0.012,974.5344,2026-09-19 13:45:08.084000+00:00
28591628947,x-cvBPrNm9f9b9113fcb7c9d3134b5ee,1789827309317,1789828215788,BTCUSDT,LIMIT,BUY,CANCELED,81292.8,0.0,0.0,0.012,0.0,0.0,2026-09-19 14:15:09.317000+00:00
2346810024,x-cvBPrNm9cf26c5acf73c421b9bed28,1789827498071,1789827498071,DOGEUSDT,MARKET,SELL,FILLED,0.0,0.0,0.08938,11160.0,11160.0,997.4808,2026-09-19 14:18:18.071000+00:00
16798748019,x-cvBPrNm9674b7a315f3c71d15d8fbc,1789829112165,1789829112165,ETHUSDT,LIMIT,BUY,FILLED,2642.04,0.0,2637.98,0.371,0.371,978.69058,2026-09-19 14:45:12.165000+00:00
4207373500,x-cvBPrNm98c53396f485e6c45da8f85,1789831814326,1789831814326,SOLUSDT,LIMIT,BUY,FILLED,111.91,0.0,111.75,8.77,8.77,980.0475,2026-09-19 15:30:14.326000+00:00
4207388168,x-cvBPrNm9e985d5d0fb638dc757ae86,1789833613224,1789833613224,SOLUSDT,MARKET,SELL,FILLED,0.0,0.0,111.59,8.77,8.77,978.6443,2026-09-19 16:00:13.224000+00:00
4207416616,x-cvBPrNm9e918bd3045ee5d92c030d5,1789837212971,1789837212971,SOLUSDT,LIMIT,BUY,FILLED,111.95,0.0,111.866952,8.76,8.76,979.9545,2026-09-19 17:00:12.971000+00:00
4207429478,x-cvBPrNm91d721d99a2ef61eab6ce5a,1789838909071,1789838909071,SOLUSDT,MARKET,SELL,FILLED,0.0,0.0,111.51,8.76,8.76,976.8276,2026-09-19 17:28:29.071000+00:00
16798910382,x-cvBPrNm94d8685561df099ea409054,1789844410996,1789844410996,ETHUSDT,MARKET,SELL,FILLED,0.0,0.0,2637.99,0.371,0.371,978.69429,2026-09-19 19:00:10.996000+00:00
28592190978,x-cvBPrNm9b5ba6d59ae1066d251dcc1,1789865110497,1789865139538,BTCUSDT,LIMIT,BUY,FILLED,81281.5,0.0,81281.5,0.012,0.012,975.378,2026-09-20 00:45:10.497000+00:00
4207643159,x-cvBPrNm9ae9a1c9f21002cc5826635,1789865116263,1789865171668,SOLUSDT,LIMIT,BUY,FILLED,111.08,0.0,111.08,8.83,8.83,980.8364,2026-09-20 00:45:16.263000+00:00
4207653670,x-cvBPrNm9747adf712bdf9a178371b6,1789866522091,1789866522091,SOLUSDT,MARKET,SELL,FILLED,0.0,0.0,110.74,8.83,8.83,977.8342,2026-09-20 01:08:42.091000+00:00
28592212055,x-cvBPrNm9c424a8b87f059d60f6cbaf,1789866813062,1789866813062,BTCUSDT,MARKET,SELL,FILLED,0.0,0.0,81172.3,0.012,0.012,974.0676,2026-09-20 01:13:33.062000+00:00
28592827299,x-cvBPrNm9b5985600e0c681b238b5bf,1789910109828,1789911014231,BTCUSDT,LIMIT,BUY,CANCELED,80441.4,0.0,0.0,0.0121,0.0,0.0,2026-09-20 13:15:09.828000+00:00
2347546734,x-cvBPrNm912664594d29a0dd39b929e,1789912811561,1789912819269,DOGEUSDT,LIMIT,SELL,FILLED,0.08491,0.0,0.08491,11530.0,11530.0,979.0123,2026-09-20 14:00:11.561000+00:00
2347549374,x-cvBPrNm9afa7fbce22639eddc42c25,1789912987067,1789912987067,DOGEUSDT,MARKET,BUY,FILLED,0.0,0.0,0.08519,11530.0,11530.0,982.2407,2026-09-20 14:03:07.067000+00:00
28593592825,x-cvBPrNm9499359c13f656be512010b,1789945209523,1789945507045,BTCUSDT,LIMIT,BUY,FILLED,81140.0,0.0,81140.0,0.012,0.012,973.68,2026-09-20 23:00:09.523000+00:00
28593736020,x-cvBPrNm942db4679dc6281ed1862a4,1789953802064,1789953802064,BTCUSDT,MARKET,SELL,FILLED,0.0,0.0,81750.0,0.012,0.012,981.0,2026-09-21 01:23:22.064000+00:00
28593898984,x-cvBPrNm9e534661d880e0455721f24,1789965015740,1789965266323,BTCUSDT,LIMIT,SELL,FILLED,81249.0,0.0,81249.0,0.012,0.012,974.988,2026-09-21 04:30:15.740000+00:00
28593922559,x-cvBPrNm99182491094b6c200f6cc2c,1789966808781,1789966808781,BTCUSDT,MARKET,BUY,FILLED,0.0,0.0,81394.1,0.012,0.012,976.7292,2026-09-21 05:00:08.781000+00:00
28593922670,x-cvBPrNm9fd257a0a0bc9352b9ec1dc,1789966816399,1789967238903,BTCUSDT,LIMIT,BUY,FILLED,81375.5,0.0,81375.5,0.012,0.012,976.506,2026-09-21 05:00:16.399000+00:00
28594209862,x-cvBPrNm9065c59be1e24c267f2923c,1789978990095,1789978990095,BTCUSDT,MARKET,SELL,FILLED,0.0,0.0,81946.9,0.012,0.012,983.3628,2026-09-21 08:23:10.095000+00:00
16800744617,x-cvBPrNm90512a201c9ec4481ce13dd,1789979413079,1789979413079,ETHUSDT,LIMIT,BUY,FILLED,2677.82,0.0,2677.82,0.366,0.366,980.08212,2026-09-21 08:30:13.079000+00:00
16800813191,x-cvBPrNm975219a2273a7031cba0350,1789983142071,1789983142071,ETHUSDT,MARKET,SELL,FILLED,0.0,0.0,2702.56,0.366,0.366,989.13696,2026-09-21 09:32:22.071000+00:00
4208825839,x-cvBPrNm9e4d267184915ff396ef9a3,1790019014912,1790019016678,SOLUSDT,LIMIT,BUY,FILLED,117.88,0.0,117.88,8.33,8.33,981.9404,2026-09-21 19:30:14.912000+00:00
4208961064,x-cvBPrNm93af1698be28518db53cba9,1790039712469,1790039712469,SOLUSDT,MARKET,SELL,FILLED,0.0,0.0,117.89,8.33,8.33,982.0237,2026-09-22 01:15:12.469000+00:00
2348688814,x-cvBPrNm97d7634af815d36238a795b,1790049611282,1790050516337,DOGEUSDT,LIMIT,BUY,CANCELED,0.10057,0.0,0.0,9763.0,0.0,0.0,2026-09-22 04:00:11.282000+00:00
4209288286,x-cvBPrNm903b3f966bb3adad0db741c,1790091916075,1790092490016,SOLUSDT,LIMIT,BUY,FILLED,117.48,0.0,117.48,8.35,8.35,980.958,2026-09-22 15:45:16.075000+00:00
4209299591,x-cvBPrNm905223de2d8f9ea5eed8870,1790093718694,1790093718694,SOLUSDT,MARKET,SELL,FILLED,0.0,0.0,116.74,8.35,8.35,974.779,2026-09-22 16:15:18.694000+00:00
4209315211,x-cvBPrNm9eb21e80acfa2a0daa6a02c,1790096414573,1790096419855,SOLUSDT,LIMIT,BUY,FILLED,117.45,0.0,117.45,8.34,8.34,979.533,2026-09-22 17:00:14.573000+00:00
2349084808,x-cvBPrNm92180fb9fd128a315292a2f,1790099109951,1790099109951,DOGEUSDT,LIMIT,BUY,FILLED,0.09979,0.0,0.09962,9828.0,9828.0,979.06047,2026-09-22 17:45:09.951000+00:00
2349111297,x-cvBPrNm9dbf8d9f011175c88db7cf0,1790102709511,1790102709511,DOGEUSDT,MARKET,SELL,FILLED,0.0,0.0,0.099882,9828.0,9828.0,981.63553,2026-09-22 18:45:09.511000+00:00
2349118487,x-cvBPrNm9c43eca3822c9e0c396c828,1790103610856,1790103610856,DOGEUSDT,LIMIT,BUY,FILLED,0.10005,0.0,0.09991,9807.0,9807.0,979.81685,2026-09-22 19:00:10.856000+00:00
28598679473,x-cvBPrNm9fe933cab5cc3a525aa37ae,1790109909280,1790109909280,BTCUSDT,LIMIT,SELL,FILLED,86280.0,0.0,86282.1,0.0113,0.0113,974.98773,2026-09-22 20:45:09.280000+00:00
16802441211,x-cvBPrNm98b8a54f8f8d8072043627b,1790118911081,1790119814564,ETHUSDT,LIMIT,BUY,CANCELED,2751.88,0.0,0.0,0.357,0.0,0.0,2026-09-22 23:15:11.081000+00:00
28598942869,x-cvBPrNm9a54cb84f60d55ffc3afc99,1790122876087,1790122876087,BTCUSDT,MARKET,BUY,FILLED,0.0,0.0,86456.3,0.0113,0.0113,976.95619,2026-09-23 00:21:16.087000+00:00
28598973261,x-cvBPrNm9762595081c1dad10cee63c,1790124310232,1790125213439,BTCUSDT,LIMIT,BUY,CANCELED,86425.0,0.0,0.0,0.0113,0.0,0.0,2026-09-23 00:45:10.232000+00:00
2349297650,x-cvBPrNm93f771354d0f791307f7a2f,1790126660091,1790126660091,DOGEUSDT,MARKET,SELL,FILLED,0.0,0.0,0.10243,9807.0,9807.0,1004.53101,2026-09-23 01:24:20.091000+00:00
4209544213,x-cvBPrNm9a02a2150090b8c34b2b55d,1790130612818,1790130612818,SOLUSDT,MARKET,SELL,FILLED,0.0,0.0,118.42,8.34,8.34,987.6228,2026-09-23 02:30:12.818000+00:00
4209587746,x-cvBPrNm9804bd1fc3e807aa42a88ec,1790135113646,1790135501532,SOLUSDT,LIMIT,BUY,FILLED,119.14,0.0,119.14,8.28,8.28,986.4792,2026-09-23 03:45:13.646000+00:00
4209737738,x-cvBPrNm96a5cbe6b4f5600211784a4,1790148968062,1790148968062,SOLUSDT,MARKET,SELL,FILLED,0.0,0.0,118.21,8.28,8.28,978.7788,2026-09-23 07:36:08.062000+00:00
28600755955,x-cvBPrNm9a436f20e64719941d36ce2,1790196309122,1790196309122,BTCUSDT,LIMIT,BUY,FILLED,84473.8,0.0,84371.9,0.0116,0.0116,978.71404,2026-09-23 20:45:09.122000+00:00
28600774701,x-cvBPrNm9fb62e21f4a5ec90b3fe8d1,1790197155064,1790197155064,BTCUSDT,MARKET,SELL,FILLED,0.0,0.0,84182.9,0.0116,0.0116,976.52164,2026-09-23 20:59:15.064000+00:00
2349976987,x-cvBPrNm9fab59854f545b3c06b5b3f,1790208011559,1790208011559,DOGEUSDT,LIMIT,SELL,FILLED,0.09243,0.0,0.09267,10649.0,10649.0,986.84283,2026-09-24 00:00:11.559000+00:00
2349979903,x-cvBPrNm9774612913912c5db6eb66f,1790208324071,1790208324071,DOGEUSDT,MARKET,BUY,FILLED,0.0,0.0,0.09284,10649.0,10649.0,988.65316,2026-09-24 00:05:24.071000+00:00
16803913137,x-cvBPrNm9aa8aabe2c621abce5f420a,1790215211513,1790215321767,ETHUSDT,LIMIT,SELL,FILLED,2673.99,0.0,2673.99,0.367,0.367,981.35433,2026-09-24 02:00:11.513000+00:00
16803924624,x-cvBPrNm99f2394959cab2976f48b46,1790216253068,1790216253068,ETHUSDT,MARKET,BUY,FILLED,0.0,0.0,2688.0,0.367,0.367,986.496,2026-09-24 02:17:33.068000+00:00
16803985632,x-cvBPrNm984ee4c642aa27c7f7c859a,1790220610654,1790220610654,ETHUSDT,LIMIT,SELL,FILLED,2675.71,0.0,2675.71,0.367,0.367,981.98557,2026-09-24 03:30:10.654000+00:00
4210193753,x-cvBPrNm92e27bcb5026e7d72332b5d,1790222411650,1790222528512,SOLUSDT,LIMIT,SELL,FILLED,114.66,0.0,114.66,8.57,8.57,982.6362,2026-09-24 04:00:11.650000+00:00
3508318709,x-cvBPrNm979c5d79bb18ccb16608a88,1790222415112,1790223323879,XRPUSDT,LIMIT,SELL,CANCELED,1.4943,0.0,0.0,657.5,0.0,0.0,2026-09-24 04:00:15.112000+00:00
4210215243,x-cvBPrNm9a1d243d06bf5feeccdc55d,1790225755081,1790225755081,SOLUSDT,MARKET,BUY,FILLED,0.0,0.0,115.11,8.57,8.57,986.4927,2026-09-24 04:55:55.081000+00:00
16804046333,x-cvBPrNm9b93dbdbdc7c4c5779377d3,1790226163099,1790226163099,ETHUSDT,MARKET,BUY,FILLED,0.0,0.0,2683.7,0.367,0.367,984.9179,2026-09-24 05:02:43.099000+00:00
28601463772,x-cvBPrNm957d519fd17d8f07d007cca,1790234110554,1790234110554,BTCUSDT,LIMIT,SELL,FILLED,84018.6,0.0,84018.6,0.0116,0.0116,974.61576,2026-09-24 07:15:10.554000+00:00
28601479468,x-cvBPrNm9db69eb636986147fc28ed7,1790234894075,1790234894075,BTCUSDT,MARKET,BUY,FILLED,0.0,0.0,84168.2,0.0116,0.0116,976.35112,2026-09-24 07:28:14.075000+00:00
16804815585,x-cvBPrNm9069c4b84c93c18447da6ca,1790292612423,1790292635998,ETHUSDT,LIMIT,BUY,FILLED,2691.33,0.0,2691.33,0.364,0.364,979.64412,2026-09-24 23:30:12.423000+00:00
28602314155,x-cvBPrNm917c2072c4268e23a1c7e67,1790293509167,1790293515685,BTCUSDT,LIMIT,BUY,FILLED,84387.4,0.0,84387.4,0.0116,0.0116,978.89384,2026-09-24 23:45:09.167000+00:00
4210637705,x-cvBPrNm959ecbb4daaddebc0592a88,1790293515563,1790293519529,SOLUSDT,LIMIT,BUY,FILLED,117.02,0.0,117.02,8.38,8.38,980.6276,2026-09-24 23:45:15.563000+00:00
16804925724,x-cvBPrNm940599a944d1e93128e6266,1790304369051,1790304369051,ETHUSDT,MARKET,SELL,FILLED,0.0,0.0,2682.31,0.364,0.364,976.36084,2026-09-25 02:46:09.051000+00:00
28602445706,x-cvBPrNm9d55ff603ed1f57d43626e5,1790305220058,1790305220058,BTCUSDT,MARKET,SELL,FILLED,0.0,0.0,84179.3,0.0116,0.0116,976.47988,2026-09-25 03:00:20.058000+00:00
4210727281,x-cvBPrNm9f33075bc7093992e0a27dc,1790307961066,1790307961066,SOLUSDT,MARKET,SELL,FILLED,0.0,0.0,116.52,8.38,8.38,976.4376,2026-09-25 03:46:01.066000+00:00
2351144161,x-cvBPrNm9105d0a63b33056a5dcbbd0,1790352910092,1790353319298,DOGEUSDT,LIMIT,BUY,FILLED,0.09795,0.0,0.09795,9986.0,9986.0,978.1287,2026-09-25 16:15:10.092000+00:00
2351178563,x-cvBPrNm9506402eb6299d726a3130c,1790357408832,1790357408832,DOGEUSDT,MARKET,SELL,FILLED,0.0,0.0,0.09702,9986.0,9986.0,968.84172,2026-09-25 17:30:08.832000+00:00
16805492827,x-cvBPrNm9e29b7ebf42e8690c63bd9e,1790363711577,1790363736572,ETHUSDT,LIMIT,BUY,FILLED,2694.85,0.0,2694.85,0.362,0.362,975.5357,2026-09-25 19:15:11.577000+00:00
16805545411,x-cvBPrNm935f095aeb2f48e31d51e76,1790369705044,1790369705044,ETHUSDT,MARKET,SELL,FILLED,0.0,0.0,2685.32,0.362,0.362,972.08584,2026-09-25 20:55:05.044000+00:00
4211161208,x-cvBPrNm9b702a6d6d744cd2fe2b221,1790375413611,1790375590779,SOLUSDT,LIMIT,BUY,FILLED,121.69,0.0,121.69,8.01,8.01,974.7369,2026-09-25 22:30:13.611000+00:00
16805617085,x-cvBPrNm905f3d0ea37aa2e7e852c37,1790378111970,1790378177954,ETHUSDT,LIMIT,BUY,FILLED,2692.71,0.0,2692.71,0.362,0.362,974.76102,2026-09-25 23:15:11.970000+00:00
3509378334,x-cvBPrNm99851f6a3b6264c3ef2d4cc,1790379014988,1790379924319,XRPUSDT,LIMIT,BUY,CANCELED,1.5666,0.0,0.0,622.9,0.0,0.0,2026-09-25 23:30:14.988000+00:00
16805653700,x-cvBPrNm99b022eb308dde7be159fb7,1790382692046,1790382692046,ETHUSDT,MARKET,SELL,FILLED,0.0,0.0,2685.69,0.362,0.362,972.21978,2026-09-26 00:31:32.046000+00:00
3509421544,x-cvBPrNm9324b16cfffee30f29750fa,1790385313592,1790385313592,XRPUSDT,LIMIT,BUY,FILLED,1.5683,0.0,1.5672,621.5,621.5,974.0148,2026-09-26 01:15:13.592000+00:00
4211216837,x-cvBPrNm9275ab9f7392672fe416b69,1790386212652,1790386212652,SOLUSDT,MARKET,SELL,FILLED,0.0,0.0,121.54,8.01,8.01,973.5354,2026-09-26 01:30:12.652000+00:00
16805691659,x-cvBPrNm973288695131c5a0f25b6d0,1790387113680,1790387134500,ETHUSDT,LIMIT,BUY,FILLED,2693.46,0.0,2693.46,0.361,0.361,972.33906,2026-09-26 01:45:13.680000+00:00
4211222261,x-cvBPrNm9608a44ab16e3457ce2c6a2,1790387117367,1790387345894,SOLUSDT,LIMIT,BUY,FILLED,122.06,0.0,122.06,7.98,7.98,974.0388,2026-09-26 01:45:17.367000+00:00
4211250432,x-cvBPrNm9b1b12c33c63866d9b9d3ac,1790391605048,1790391605048,SOLUSDT,MARKET,SELL,FILLED,0.0,0.0,121.52,7.98,7.98,969.7296,2026-09-26 03:00:05.048000+00:00
16805736775,x-cvBPrNm94859bce43fa190a5813391,1790392253059,1790392253059,ETHUSDT,MARKET,SELL,FILLED,0.0,0.0,2688.51,0.361,0.361,970.55211,2026-09-26 03:10:53.059000+00:00
3509466358,x-cvBPrNm9e78c8bb02feeddf0f4cdf6,1790392268079,1790392268079,XRPUSDT,MARKET,SELL,FILLED,0.0,0.0,1.5607,621.5,621.5,969.97505,2026-09-26 03:11:08.079000+00:00
28603487994,x-cvBPrNm98fce11fd6a3af3a33d6a7f,1790395211538,1790395211538,BTCUSDT,LIMIT,SELL,FILLED,83911.0,0.0,83911.6,0.0115,0.0115,964.9834,2026-09-26 04:00:11.538000+00:00
16805913866,x-cvBPrNm9aae9d839e3ed98158d9e7a,1790408712444,1790408712444,ETHUSDT,LIMIT,BUY,FILLED,2688.39,0.0,2688.39,0.362,0.362,973.19718,2026-09-26 07:45:12.444000+00:00
28603660652,x-cvBPrNm9103170947fc9c6200803b8,1790409082045,1790409082045,BTCUSDT,MARKET,BUY,FILLED,0.0,0.0,84039.1,0.0115,0.0115,966.44965,2026-09-26 07:51:22.045000+00:00
4211393866,x-cvBPrNm9b93321cea1fe5a4d91efa9,1790412313320,1790412334276,SOLUSDT,LIMIT,BUY,FILLED,121.1,0.0,121.1,8.01,8.01,970.011,2026-09-26 08:45:13.320000+00:00
4211404363,x-cvBPrNm9dcdc0146f3e0a75af1c665,1790413943057,1790413943057,SOLUSDT,MARKET,SELL,FILLED,0.0,0.0,120.35,8.01,8.01,964.0035,2026-09-26 09:12:23.057000+00:00
16805985501,x-cvBPrNm9c6f38c3848185ac42f3d9d,1790413994046,1790413994046,ETHUSDT,MARKET,SELL,FILLED,0.0,0.0,2683.64,0.362,0.362,971.47768,2026-09-26 09:13:14.046000+00:00
2351679329,x-cvBPrNm91b2978e69d86ab6121556e,1790420411351,1790420469325,DOGEUSDT,LIMIT,BUY,FILLED,0.09804,0.0,0.09804,9890.0,9890.0,969.6156,2026-09-26 11:00:11.351000+00:00
4211489625,x-cvBPrNm9e29fc3109da7034702da15,1790422213014,1790422213014,SOLUSDT,LIMIT,BUY,FILLED,120.6,0.0,120.6,8.04,8.04,969.624,2026-09-26 11:30:13.014000+00:00
16806090998,x-cvBPrNm917219ab0abecc2ef65184a,1790423111742,1790423348271,ETHUSDT,LIMIT,BUY,FILLED,2688.94,0.0,2688.94,0.36,0.36,968.0184,2026-09-26 11:45:11.742000+00:00
2351719330,x-cvBPrNm90a1ef9c3aee3f6f0b549b2,1790425686050,1790425686050,DOGEUSDT,MARKET,SELL,FILLED,0.0,0.0,0.09728,9890.0,9890.0,962.0992,2026-09-26 12:28:06.050000+00:00
16806164479,x-cvBPrNm99d9ce9d5978b81b1162292,1790429251055,1790429251055,ETHUSDT,MARKET,SELL,FILLED,0.0,0.0,2682.62,0.36,0.36,965.7432,2026-09-26 13:27:31.055000+00:00
2351792224,x-cvBPrNm98f92f19e43a058f0a2af8d,1790434809807,1790434826377,DOGEUSDT,LIMIT,BUY,FILLED,0.09778,0.0,0.09778,9889.0,9889.0,966.94642,2026-09-26 15:00:09.807000+00:00
28604586648,x-cvBPrNm9343ea77b6421de75c2570d,1790438408895,1790438408895,BTCUSDT,LIMIT,BUY,FILLED,84105.4,0.0,84105.4,0.0114,0.0114,958.80156,2026-09-26 16:00:08.895000+00:00
2351890058,x-cvBPrNm9c0aa0080def7f441055af8,1790447408787,1790447408787,DOGEUSDT,MARKET,SELL,FILLED,0.0,0.0,0.0975,9889.0,9889.0,964.1775,2026-09-26 18:30:08.787000+00:00
28604772454,x-cvBPrNm9bb15ba95067c0395aa6abd,1790449208251,1790449208251,BTCUSDT,MARKET,SELL,FILLED,0.0,0.0,83973.5,0.0114,0.0114,957.2979,2026-09-26 19:00:08.251000+00:00
4211663746,x-cvBPrNm9d2124ed69fec72ad129fb0,1790449216831,1790449216831,SOLUSDT,MARKET,SELL,FILLED,0.0,0.0,120.821244,8.04,8.04,971.4028,2026-09-26 19:00:16.831000+00:00
28604916095,x-cvBPrNm9f8f7ad3e1f46c65144b1f2,1790458208678,1790458210040,BTCUSDT,LIMIT,BUY,FILLED,84091.0,0.0,84091.0,0.0114,0.0114,958.6374,2026-09-26 21:30:08.678000+00:00
4211732568,x-cvBPrNm90e281e8d761843ddebddf2,1790460011617,1790460011617,SOLUSDT,LIMIT,BUY,FILLED,121.25,0.0,121.25,7.98,7.98,967.575,2026-09-26 22:00:11.617000+00:00
16806549300,x-cvBPrNm9757c166863723196a0c9c2,1790460910874,1790460921957,ETHUSDT,LIMIT,BUY,FILLED,2688.19,0.0,2688.19,0.36,0.36,967.7484,2026-09-26 22:15:10.874000+00:00
4211799458,x-cvBPrNm98463880ebe2c8ae2b19648,1790469911471,1790469911471,SOLUSDT,MARKET,SELL,FILLED,0.0,0.0,120.95,7.98,7.98,965.181,2026-09-27 00:45:11.471000+00:00
28605170397,x-cvBPrNm90e955b34d61f42be658384,1790473910044,1790473910044,BTCUSDT,MARKET,SELL,FILLED,0.0,0.0,84415.5,0.0114,0.0114,962.3367,2026-09-27 01:51:50.044000+00:00
16806689576,x-cvBPrNm954106c4c75d2adfeff0df8,1790473915076,1790473915076,ETHUSDT,MARKET,SELL,FILLED,0.0,0.0,2697.33,0.36,0.36,971.0388,2026-09-27 01:51:55.076000+00:00
4211834424,x-cvBPrNm9e1d09ae0157768991185f4,1790475313576,1790475313576,SOLUSDT,LIMIT,BUY,FILLED,121.44,0.0,121.44,7.96,7.96,966.6624,2026-09-27 02:15:13.576000+00:00
4211851540,x-cvBPrNm917cae400d866e67dca1f0a,1790477876047,1790477876047,SOLUSDT,MARKET,SELL,FILLED,0.0,0.0,121.04,7.96,7.96,963.4784,2026-09-27 02:57:56.047000+00:00
3510055263,x-cvBPrNm914a383385fb95b6b394a05,1790478014822,1790478170154,XRPUSDT,LIMIT,SELL,FILLED,1.5199,0.0,1.5199,635.7,635.7,966.20043,2026-09-27 03:00:14.822000+00:00
3510096094,x-cvBPrNm9721571411820fd80dc88a3,1790483872055,1790483872055,XRPUSDT,MARKET,BUY,FILLED,0.0,0.0,1.5078,635.7,635.7,958.50846,2026-09-27 04:37:52.055000+00:00
28605352382,x-cvBPrNm9e68cbc834270fb521b9300,1790487908742,1790487912444,BTCUSDT,LIMIT,BUY,FILLED,84463.3,0.0,84463.3,0.0114,0.0114,962.88162,2026-09-27 05:45:08.742000+00:00
4211930324,x-cvBPrNm929bfd854606a146ac43a1f,1790489711586,1790489743559,SOLUSDT,LIMIT,BUY,FILLED,121.46,0.0,121.46,7.97,7.97,968.0362,2026-09-27 06:15:11.586000+00:00
4211966126,x-cvBPrNm90ec8f52dd3736975669dfc,1790495419042,1790495419042,SOLUSDT,MARKET,SELL,FILLED,0.0,0.0,122.45,7.97,7.97,975.9265,2026-09-27 07:50:19.042000+00:00
28605465348,x-cvBPrNm9a47692876b945a0d809c52,1790495506044,1790495506044,BTCUSDT,MARKET,SELL,FILLED,0.0,0.0,84554.2,0.0114,0.0114,963.91788,2026-09-27 07:51:46.044000+00:00
4212242532,x-cvBPrNm98e292cec9143e57f8abe40,1790534714468,1790534714468,SOLUSDT,LIMIT,BUY,FILLED,122.94,0.0,122.94,7.88,7.88,968.7672,2026-09-27 18:45:14.468000+00:00
16807572566,x-cvBPrNm9291a0c186034e51406e0a6,1790535611290,1790535645743,ETHUSDT,LIMIT,BUY,FILLED,2696.19,0.0,2696.19,0.359,0.359,967.93221,2026-09-27 19:00:11.290000+00:00
16807631445,x-cvBPrNm9efb24821713f5cee699897,1790540702043,1790540702043,ETHUSDT,MARKET,SELL,FILLED,0.0,0.0,2688.68,0.359,0.359,965.23612,2026-09-27 20:25:02.043000+00:00
4212320609,x-cvBPrNm9c3e9c31f21dace301c0334,1790546602051,1790546602051,SOLUSDT,MARKET,SELL,FILLED,0.0,0.0,122.08,7.88,7.88,961.9904,2026-09-27 22:03:22.051000+00:00
28606345602,x-cvBPrNm991e122a765ce486b01232b,1790547309351,1790547309351,BTCUSDT,LIMIT,BUY,FILLED,84640.7,0.0,84450.0,0.0114,0.0114,962.73,2026-09-27 22:15:09.351000+00:00
28606360074,x-cvBPrNm9e7873d8d451635b35d9083,1790548208414,1790548208414,BTCUSDT,MARKET,SELL,FILLED,0.0,0.0,84522.096491,0.0114,0.0114,963.5519,2026-09-27 22:30:08.414000+00:00
