symbol,incomeType,income,asset,timestamp,tranId,tradeId
SOLUSDT,COMMISSION,-0.00330064,USDT,1790019015000,9107193735626,93735626
SOLUSDT,COMMISSION,-0.00188608,USDT,1790019015000,9107193735627,93735627
SOLUSDT,COMMISSION,-0.0011788,USDT,1790019015000,9107193735628,93735628
SOLUSDT,COMMISSION,-0.19002256,USDT,1790019016000,9107193735629,93735629
SOLUSDT,FUNDING_FEE,-0.09902704,USDT,1790035200000,1545677409284671070,
SOLUSDT,REALIZED_PNL,0.08329999,USDT,1790039712000,9107093781996,93781996
SOLUSDT,COMMISSION,-0.39280948,USDT,1790039712000,9107093781996,93781996
SOLUSDT,COMMISSION,-0.1961916,USDT,1790092490000,9107193886315,93886315
SOLUSDT,FUNDING_FEE,-0.09796142,USDT,1790092800000,1548093328137011780,
SOLUSDT,REALIZED_PNL,-6.179,USDT,1790093718000,9107093889004,93889004
SOLUSDT,COMMISSION,-0.3899116,USDT,1790093718000,9107093889004,93889004
SOLUSDT,COMMISSION,-0.0082215,USDT,1790096417000,9107193893880,93893880
SOLUSDT,COMMISSION,-0.0300672,USDT,1790096418000,9107193893885,93893885
SOLUSDT,COMMISSION,-0.0300672,USDT,1790096418000,9107193893886,93893886
SOLUSDT,COMMISSION,-0.00211409,USDT,1790096418000,9107193893888,93893888
SOLUSDT,COMMISSION,-0.0018792,USDT,1790096418000,9107193893889,93893889
SOLUSDT,COMMISSION,-0.0014094,USDT,1790096418000,9107193893890,93893890
SOLUSDT,COMMISSION,-0.0300672,USDT,1790096418000,9107193893891,93893891
SOLUSDT,COMMISSION,-0.0300672,USDT,1790096419000,9107193893892,93893892
SOLUSDT,COMMISSION,-0.0016443,USDT,1790096419000,9107193893893,93893893
SOLUSDT,COMMISSION,-0.0300672,USDT,1790096419000,9107193893894,93893894
SOLUSDT,COMMISSION,-0.0300672,USDT,1790096419000,9107193893895,93893895
SOLUSDT,COMMISSION,-0.0002349,USDT,1790096419000,9107193893896,93893896
DOGEUSDT,COMMISSION,-0.00223081,USDT,1790099109000,90651150655036,150655036
DOGEUSDT,COMMISSION,-0.00203163,USDT,1790099109000,90651150655037,150655037
DOGEUSDT,COMMISSION,-0.00223081,USDT,1790099109000,90651150655038,150655038
DOGEUSDT,COMMISSION,-0.38513092,USDT,1790099109000,90651150655039,150655039
DOGEUSDT,REALIZED_PNL,0.01595935,USDT,1790102709000,90650150673658,150673658
DOGEUSDT,COMMISSION,-0.0023574,USDT,1790102709000,90650150673658,150673658
DOGEUSDT,REALIZED_PNL,0.01514786,USDT,1790102709000,90650150673659,150673659
DOGEUSDT,COMMISSION,-0.00223753,USDT,1790102709000,90650150673659,150673659
DOGEUSDT,REALIZED_PNL,0.01487736,USDT,1790102709000,90650150673660,150673660
DOGEUSDT,COMMISSION,-0.00219758,USDT,1790102709000,90650150673660,150673660
DOGEUSDT,REALIZED_PNL,0.01433637,USDT,1790102709000,90650150673661,150673661
DOGEUSDT,COMMISSION,-0.00211766,USDT,1790102709000,90650150673661,150673661
DOGEUSDT,REALIZED_PNL,0.01622985,USDT,1790102709000,90650150673662,150673662
DOGEUSDT,COMMISSION,-0.00239736,USDT,1790102709000,90650150673662,150673662
DOGEUSDT,REALIZED_PNL,0.01379537,USDT,1790102709000,90650150673663,150673663
DOGEUSDT,COMMISSION,-0.00203775,USDT,1790102709000,90650150673663,150673663
DOGEUSDT,REALIZED_PNL,0.01568885,USDT,1790102709000,90650150673664,150673664
DOGEUSDT,COMMISSION,-0.00231744,USDT,1790102709000,90650150673664,150673664
DOGEUSDT,REALIZED_PNL,0.01514786,USDT,1790102709000,90650150673665,150673665
DOGEUSDT,COMMISSION,-0.00223753,USDT,1790102709000,90650150673665,150673665
DOGEUSDT,REALIZED_PNL,0.01460686,USDT,1790102709000,90650150673666,150673666
DOGEUSDT,COMMISSION,-0.00215762,USDT,1790102709000,90650150673666,150673666
DOGEUSDT,REALIZED_PNL,0.01460686,USDT,1790102709000,90650150673667,150673667
DOGEUSDT,COMMISSION,-0.00215762,USDT,1790102709000,90650150673667,150673667
DOGEUSDT,REALIZED_PNL,0.01406587,USDT,1790102709000,90650150673668,150673668
DOGEUSDT,COMMISSION,-0.00207771,USDT,1790102709000,90650150673668,150673668
DOGEUSDT,REALIZED_PNL,0.01568885,USDT,1790102709000,90650150673669,150673669
DOGEUSDT,COMMISSION,-0.00231744,USDT,1790102709000,90650150673669,150673669
DOGEUSDT,REALIZED_PNL,0.01460686,USDT,1790102709000,90650150673670,150673670
DOGEUSDT,COMMISSION,-0.00215762,USDT,1790102709000,90650150673670,150673670
DOGEUSDT,REALIZED_PNL,0.01568885,USDT,1790102709000,90650150673671,150673671
DOGEUSDT,COMMISSION,-0.00231744,USDT,1790102709000,90650150673671,150673671
DOGEUSDT,REALIZED_PNL,0.01433637,USDT,1790102709000,90650150673672,150673672
DOGEUSDT,COMMISSION,-0.00211766,USDT,1790102709000,90650150673672,150673672
DOGEUSDT,REALIZED_PNL,0.01568885,USDT,1790102709000,90650150673673,150673673
DOGEUSDT,COMMISSION,-0.00231744,USDT,1790102709000,90650150673673,150673673
DOGEUSDT,REALIZED_PNL,0.01460686,USDT,1790102709000,90650150673674,150673674
DOGEUSDT,COMMISSION,-0.00215762,USDT,1790102709000,90650150673674,150673674
DOGEUSDT,REALIZED_PNL,0.01460686,USDT,1790102709000,90650150673675,150673675
DOGEUSDT,COMMISSION,-0.00215762,USDT,1790102709000,90650150673675,150673675
DOGEUSDT,REALIZED_PNL,0.01568885,USDT,1790102709000,90650150673676,150673676
DOGEUSDT,COMMISSION,-0.00231744,USDT,1790102709000,90650150673676,150673676
DOGEUSDT,REALIZED_PNL,0.01568885,USDT,1790102709000,90650150673677,150673677
DOGEUSDT,COMMISSION,-0.00231744,USDT,1790102709000,90650150673677,150673677
DOGEUSDT,REALIZED_PNL,0.01433637,USDT,1790102709000,90650150673678,150673678
DOGEUSDT,COMMISSION,-0.00211766,USDT,1790102709000,90650150673678,150673678
DOGEUSDT,REALIZED_PNL,0.01487736,USDT,1790102709000,90650150673679,150673679
DOGEUSDT,COMMISSION,-0.00219758,USDT,1790102709000,90650150673679,150673679
DOGEUSDT,REALIZED_PNL,0.01406587,USDT,1790102709000,90650150673680,150673680
DOGEUSDT,COMMISSION,-0.00207771,USDT,1790102709000,90650150673680,150673680
DOGEUSDT,REALIZED_PNL,0.01433637,USDT,1790102709000,90650150673681,150673681
DOGEUSDT,COMMISSION,-0.00211766,USDT,1790102709000,90650150673681,150673681
DOGEUSDT,REALIZED_PNL,0.01433637,USDT,1790102709000,90650150673682,150673682
DOGEUSDT,COMMISSION,-0.00211766,USDT,1790102709000,90650150673682,150673682
DOGEUSDT,REALIZED_PNL,0.01433637,USDT,1790102709000,90650150673683,150673683
DOGEUSDT,COMMISSION,-0.00211766,USDT,1790102709000,90650150673683,150673683
DOGEUSDT,REALIZED_PNL,0.01541836,USDT,1790102709000,90650150673684,150673684
DOGEUSDT,COMMISSION,-0.00227749,USDT,1790102709000,90650150673684,150673684
DOGEUSDT,REALIZED_PNL,2.17228913,USDT,1790102709000,90650150673685,150673685
DOGEUSDT,COMMISSION,-0.33315972,USDT,1790102709000,90650150673685,150673685
DOGEUSDT,COMMISSION,-0.00207792,USDT,1790103610000,90651150678452,150678452
DOGEUSDT,COMMISSION,-0.38984882,USDT,1790103610000,90651150678453,150678453
BTCUSDT,COMMISSION,-0.38999509,USDT,1790109909000,90030540265936,540265936
BTCUSDT,FUNDING_FEE,0.09734362,USDT,1790121600000,1549301285424090560,
DOGEUSDT,FUNDING_FEE,-0.09843285,USDT,1790121600000,1549301287353469570,
SOLUSDT,FUNDING_FEE,-0.09882066,USDT,1790121600000,1549301287605128820,
BTCUSDT,REALIZED_PNL,-1.96846,USDT,1790122876000,90031540304787,540304787
BTCUSDT,COMMISSION,-0.39078247,USDT,1790122876000,90031540304787,540304787
DOGEUSDT,REALIZED_PNL,24.71416,USDT,1790126660000,90650150804069,150804069
DOGEUSDT,COMMISSION,-0.4018124,USDT,1790126660000,90650150804069,150804069
SOLUSDT,REALIZED_PNL,8.0898,USDT,1790130612000,9107093960147,93960147
SOLUSDT,COMMISSION,-0.39504912,USDT,1790130612000,9107093960147,93960147
SOLUSDT,COMMISSION,-0.19729584,USDT,1790135501000,9107193969233,93969233
SOLUSDT,REALIZED_PNL,-7.7004,USDT,1790148968000,9107093996664,93996664
SOLUSDT,COMMISSION,-0.39151152,USDT,1790148968000,9107093996664,93996664
BTCUSDT,COMMISSION,-0.39148561,USDT,1790196309000,90031540581242,540581242
BTCUSDT,REALIZED_PNL,-2.1924,USDT,1790197155000,90030540584250,540584250
BTCUSDT,COMMISSION,-0.39060865,USDT,1790197155000,90030540584250,540584250
DOGEUSDT,COMMISSION,-0.39473713,USDT,1790208011000,90650151258240,151258240
DOGEUSDT,REALIZED_PNL,-1.81033,USDT,1790208324000,90651151260284,151260284
DOGEUSDT,COMMISSION,-0.39546126,USDT,1790208324000,90651151260284,151260284
ETHUSDT,COMMISSION,-0.19627086,USDT,1790215321000,90060330811742,330811742
ETHUSDT,REALIZED_PNL,-5.14167,USDT,1790216253000,90061330816978,330816978
ETHUSDT,COMMISSION,-0.3945984,USDT,1790216253000,90061330816978,330816978
ETHUSDT,COMMISSION,-0.39279422,USDT,1790220610000,90060330837591,330837591
SOLUSDT,COMMISSION,-0.0045864,USDT,1790222430000,9107094151100,94151100
SOLUSDT,COMMISSION,-0.00137592,USDT,1790222435000,9107094151109,94151109
SOLUSDT,COMMISSION,-0.0022932,USDT,1790222435000,9107094151110,94151110
SOLUSDT,COMMISSION,-0.11144952,USDT,1790222463000,9107094151172,94151172
SOLUSDT,COMMISSION,-0.0149058,USDT,1790222463000,9107094151173,94151173
SOLUSDT,COMMISSION,-0.0045864,USDT,1790222464000,9107094151178,94151178
SOLUSDT,COMMISSION,-0.0045864,USDT,1790222464000,9107094151179,94151179
SOLUSDT,COMMISSION,-0.00160524,USDT,1790222466000,9107094151181,94151181
SOLUSDT,COMMISSION,-0.00894348,USDT,1790222489000,9107094151216,94151216
SOLUSDT,COMMISSION,-0.0045864,USDT,1790222505000,9107094151244,94151244
SOLUSDT,COMMISSION,-0.0045864,USDT,1790222505000,9107094151245,94151245
SOLUSDT,COMMISSION,-0.0011466,USDT,1790222513000,9107094151258,94151258
SOLUSDT,COMMISSION,-0.01215396,USDT,1790222524000,9107094151283,94151283
SOLUSDT,COMMISSION,-0.01972152,USDT,1790222528000,9107094151294,94151294
SOLUSDT,REALIZED_PNL,-3.8565,USDT,1790225755000,9107194157696,94157696
SOLUSDT,COMMISSION,-0.39459708,USDT,1790225755000,9107194157696,94157696
ETHUSDT,REALIZED_PNL,-2.93233,USDT,1790226163000,90061330861163,330861163
ETHUSDT,COMMISSION,-0.39396716,USDT,1790226163000,90061330861163,330861163
BTCUSDT,COMMISSION,-0.3898463,USDT,1790234110000,90030540710749,540710749
BTCUSDT,REALIZED_PNL,-1.73536,USDT,1790234894000,90031540714054,540714054
BTCUSDT,COMMISSION,-0.39054044,USDT,1790234894000,90031540714054,540714054
ETHUSDT,COMMISSION,-0.01130358,USDT,1790292613000,90061331166017,331166017
ETHUSDT,COMMISSION,-0.0538266,USDT,1790292632000,90061331166059,331166059
ETHUSDT,COMMISSION,-0.01399491,USDT,1790292632000,90061331166060,331166060
ETHUSDT,COMMISSION,-0.0538266,USDT,1790292633000,90061331166064,331166064
ETHUSDT,COMMISSION,-0.0538266,USDT,1790292634000,90061331166066,331166066
ETHUSDT,COMMISSION,-0.00915052,USDT,1790292635000,90061331166070,331166070
BTCUSDT,COMMISSION,-0.02362847,USDT,1790293510000,90031540949184,540949184
BTCUSDT,COMMISSION,-0.02362847,USDT,1790293510000,90031540949186,540949186
BTCUSDT,COMMISSION,-0.02362847,USDT,1790293510000,90031540949188,540949188
BTCUSDT,COMMISSION,-0.01687748,USDT,1790293510000,90031540949189,540949189
BTCUSDT,COMMISSION,-0.01687748,USDT,1790293511000,90031540949190,540949190
BTCUSDT,COMMISSION,-0.01856522,USDT,1790293511000,90031540949191,540949191
BTCUSDT,COMMISSION,-0.01518973,USDT,1790293513000,90031540949192,540949192
BTCUSDT,COMMISSION,-0.01687748,USDT,1790293513000,90031540949193,540949193
BTCUSDT,COMMISSION,-0.01856522,USDT,1790293513000,90031540949194,540949194
BTCUSDT,COMMISSION,-0.01350198,USDT,1790293513000,90031540949195,540949195
BTCUSDT,COMMISSION,-0.00843874,USDT,1790293515000,90031540949196,540949196
SOLUSDT,COMMISSION,-0.19612552,USDT,1790293519000,9107194303515,94303515
BTCUSDT,FUNDING_FEE,-0.08803754,USDT,1790294400000,1556549039674247050,
ETHUSDT,FUNDING_FEE,-0.08473666,USDT,1790294400000,1556549040387279380,
SOLUSDT,FUNDING_FEE,-0.03179088,USDT,1790294400000,1556549042023056750,
ETHUSDT,REALIZED_PNL,-3.28328,USDT,1790304369000,90060331222527,331222527
ETHUSDT,COMMISSION,-0.39054433,USDT,1790304369000,90060331222527,331222527
BTCUSDT,REALIZED_PNL,-2.41396,USDT,1790305220000,90030540994566,540994566
BTCUSDT,COMMISSION,-0.39059195,USDT,1790305220000,90030540994566,540994566
SOLUSDT,REALIZED_PNL,-4.19,USDT,1790307961000,9107094332531,94332531
SOLUSDT,COMMISSION,-0.39057504,USDT,1790307961000,9107094332531,94332531
DOGEUSDT,COMMISSION,-1.959e-05,USDT,1790352920000,90651152092869,152092869
DOGEUSDT,COMMISSION,-0.00111663,USDT,1790353293000,90651152093850,152093850
DOGEUSDT,COMMISSION,-0.0011754,USDT,1790353293000,90651152093851,152093851
DOGEUSDT,COMMISSION,-0.00111663,USDT,1790353293000,90651152093852,152093852
DOGEUSDT,COMMISSION,-0.00105786,USDT,1790353294000,90651152093853,152093853
DOGEUSDT,COMMISSION,-0.02513397,USDT,1790353295000,90651152093854,152093854
DOGEUSDT,COMMISSION,-0.00119499,USDT,1790353297000,90651152093855,152093855
DOGEUSDT,COMMISSION,-0.00105786,USDT,1790353297000,90651152093856,152093856
DOGEUSDT,COMMISSION,-0.00113622,USDT,1790353297000,90651152093857,152093857
DOGEUSDT,COMMISSION,-0.00113622,USDT,1790353297000,90651152093858,152093858
DOGEUSDT,COMMISSION,-0.00101868,USDT,1790353300000,90651152093859,152093859
DOGEUSDT,COMMISSION,-0.00103827,USDT,1790353300000,90651152093860,152093860
DOGEUSDT,COMMISSION,-0.00103827,USDT,1790353300000,90651152093861,152093861
DOGEUSDT,COMMISSION,-0.00113622,USDT,1790353300000,90651152093862,152093862
DOGEUSDT,COMMISSION,-0.00107745,USDT,1790353302000,90651152093863,152093863
DOGEUSDT,COMMISSION,-0.0011754,USDT,1790353302000,90651152093864,152093864
DOGEUSDT,COMMISSION,-0.00113622,USDT,1790353302000,90651152093865,152093865
DOGEUSDT,COMMISSION,-0.00119499,USDT,1790353302000,90651152093866,152093866
DOGEUSDT,COMMISSION,-0.00109704,USDT,1790353305000,90651152093867,152093867
DOGEUSDT,COMMISSION,-0.00105786,USDT,1790353305000,90651152093868,152093868
DOGEUSDT,COMMISSION,-0.00111663,USDT,1790353305000,90651152093869,152093869
DOGEUSDT,COMMISSION,-0.0011754,USDT,1790353306000,90651152093870,152093870
DOGEUSDT,COMMISSION,-0.00105786,USDT,1790353309000,90651152093871,152093871
DOGEUSDT,COMMISSION,-0.00113622,USDT,1790353309000,90651152093872,152093872
DOGEUSDT,COMMISSION,-0.00111663,USDT,1790353310000,90651152093873,152093873
DOGEUSDT,COMMISSION,-0.00109704,USDT,1790353310000,90651152093874,152093874
DOGEUSDT,COMMISSION,-0.00103827,USDT,1790353312000,90651152093875,152093875
DOGEUSDT,COMMISSION,-0.00101868,USDT,1790353312000,90651152093876,152093876
DOGEUSDT,COMMISSION,-0.00113622,USDT,1790353313000,90651152093877,152093877
DOGEUSDT,COMMISSION,-0.00111663,USDT,1790353314000,90651152093878,152093878
DOGEUSDT,COMMISSION,-0.00103827,USDT,1790353315000,90651152093879,152093879
DOGEUSDT,COMMISSION,-0.00109704,USDT,1790353316000,90651152093880,152093880
DOGEUSDT,COMMISSION,-0.00105786,USDT,1790353316000,90651152093881,152093881
DOGEUSDT,COMMISSION,-0.00101868,USDT,1790353316000,90651152093882,152093882
DOGEUSDT,COMMISSION,-0.00101868,USDT,1790353317000,90651152093883,152093883
DOGEUSDT,COMMISSION,-0.00103827,USDT,1790353319000,90651152093884,152093884
DOGEUSDT,COMMISSION,-0.00103827,USDT,1790353319000,90651152093885,152093885
DOGEUSDT,COMMISSION,-0.13219332,USDT,1790353319000,90651152093886,152093886
DOGEUSDT,REALIZED_PNL,-9.28698,USDT,1790357408000,90650152115749,152115749
DOGEUSDT,COMMISSION,-0.38753668,USDT,1790357408000,90650152115749,152115749
ETHUSDT,COMMISSION,-0.00485073,USDT,1790363714000,90061331498541,331498541
ETHUSDT,COMMISSION,-0.0053897,USDT,1790363716000,90061331498543,331498543
ETHUSDT,COMMISSION,-0.00754558,USDT,1790363717000,90061331498544,331498544
ETHUSDT,COMMISSION,-0.00916249,USDT,1790363717000,90061331498545,331498545
ETHUSDT,COMMISSION,-0.00431176,USDT,1790363717000,90061331498546,331498546
ETHUSDT,COMMISSION,-0.00754558,USDT,1790363719000,90061331498548,331498548
ETHUSDT,COMMISSION,-0.0053897,USDT,1790363720000,90061331498549,331498549
ETHUSDT,COMMISSION,-0.00431176,USDT,1790363720000,90061331498550,331498550
ETHUSDT,COMMISSION,-0.00431176,USDT,1790363721000,90061331498551,331498551
ETHUSDT,COMMISSION,-0.00485073,USDT,1790363722000,90061331498552,331498552
ETHUSDT,COMMISSION,-0.00646764,USDT,1790363722000,90061331498553,331498553
ETHUSDT,COMMISSION,-0.00485073,USDT,1790363722000,90061331498554,331498554
ETHUSDT,COMMISSION,-0.00862352,USDT,1790363723000,90061331498556,331498556
ETHUSDT,COMMISSION,-0.01401322,USDT,1790363724000,90061331498557,331498557
ETHUSDT,COMMISSION,-0.00485073,USDT,1790363725000,90061331498558,331498558
ETHUSDT,COMMISSION,-0.0053897,USDT,1790363725000,90061331498559,331498559
ETHUSDT,COMMISSION,-0.00431176,USDT,1790363725000,90061331498560,331498560
ETHUSDT,COMMISSION,-0.00862352,USDT,1790363725000,90061331498562,331498562
ETHUSDT,COMMISSION,-0.00431176,USDT,1790363728000,90061331498565,331498565
ETHUSDT,COMMISSION,-0.00485073,USDT,1790363728000,90061331498566,331498566
ETHUSDT,COMMISSION,-0.00431176,USDT,1790363728000,90061331498567,331498567
ETHUSDT,COMMISSION,-0.00808454,USDT,1790363728000,90061331498568,331498568
ETHUSDT,COMMISSION,-0.00485073,USDT,1790363729000,90061331498570,331498570
ETHUSDT,COMMISSION,-0.00485073,USDT,1790363730000,90061331498571,331498571
ETHUSDT,COMMISSION,-0.00754558,USDT,1790363730000,90061331498572,331498572
ETHUSDT,COMMISSION,-0.00431176,USDT,1790363730000,90061331498573,331498573
ETHUSDT,COMMISSION,-0.00485073,USDT,1790363731000,90061331498574,331498574
ETHUSDT,COMMISSION,-0.00269485,USDT,1790363733000,90061331498576,331498576
ETHUSDT,COMMISSION,-0.00862352,USDT,1790363733000,90061331498577,331498577
ETHUSDT,COMMISSION,-0.00646764,USDT,1790363734000,90061331498578,331498578
ETHUSDT,COMMISSION,-0.0053897,USDT,1790363736000,90061331498580,331498580
ETHUSDT,COMMISSION,-0.00592867,USDT,1790363736000,90061331498581,331498581
ETHUSDT,COMMISSION,-0.00323382,USDT,1790363736000,90061331498582,331498582
ETHUSDT,REALIZED_PNL,-3.44986,USDT,1790369705000,90060331524251,331524251
ETHUSDT,COMMISSION,-0.38883433,USDT,1790369705000,90060331524251,331524251
SOLUSDT,COMMISSION,-0.01995716,USDT,1790375413000,9107194487571,94487571
SOLUSDT,COMMISSION,-0.17499022,USDT,1790375590000,9107194487933,94487933
ETHUSDT,COMMISSION,-0.01992605,USDT,1790378113000,90061331557777,331557777
ETHUSDT,COMMISSION,-0.00753958,USDT,1790378151000,90061331557843,331557843
ETHUSDT,COMMISSION,-0.16748656,USDT,1790378177000,90061331557896,331557896
ETHUSDT,FUNDING_FEE,-0.09739827,USDT,1790380800000,1560172919085219930,
SOLUSDT,FUNDING_FEE,-0.09778608,USDT,1790380800000,1560172920553228240,
ETHUSDT,REALIZED_PNL,-2.54124,USDT,1790382692000,90060331572125,331572125
ETHUSDT,COMMISSION,-0.38888791,USDT,1790382692000,90060331572125,331572125
XRPUSDT,COMMISSION,-0.38960592,USDT,1790385313000,90101165593828,165593828
SOLUSDT,REALIZED_PNL,-1.2015,USDT,1790386212000,9107094509782,94509782
SOLUSDT,COMMISSION,-0.38941416,USDT,1790386212000,9107094509782,94509782
SOLUSDT,COMMISSION,-0.00268532,USDT,1790387117000,9107194511934,94511934
SOLUSDT,COMMISSION,-0.00146472,USDT,1790387119000,9107194511936,94511936
SOLUSDT,COMMISSION,-0.00146472,USDT,1790387119000,9107194511937,94511937
SOLUSDT,COMMISSION,-0.00268532,USDT,1790387119000,9107194511938,94511938
SOLUSDT,COMMISSION,-0.00317356,USDT,1790387120000,9107194511939,94511939
SOLUSDT,COMMISSION,-0.00219708,USDT,1790387121000,9107194511940,94511940
SOLUSDT,COMMISSION,-0.00219708,USDT,1790387122000,9107194511941,94511941
SOLUSDT,COMMISSION,-0.00170884,USDT,1790387122000,9107194511942,94511942
SOLUSDT,COMMISSION,-0.0012206,USDT,1790387122000,9107194511943,94511943
SOLUSDT,COMMISSION,-0.00146472,USDT,1790387123000,9107194511944,94511944
SOLUSDT,COMMISSION,-0.00195296,USDT,1790387124000,9107194511945,94511945
SOLUSDT,COMMISSION,-0.00170884,USDT,1790387124000,9107194511946,94511946
SOLUSDT,COMMISSION,-0.0012206,USDT,1790387124000,9107194511947,94511947
SOLUSDT,COMMISSION,-0.0012206,USDT,1790387126000,9107194511948,94511948
SOLUSDT,COMMISSION,-0.00146472,USDT,1790387127000,9107194511949,94511949
SOLUSDT,COMMISSION,-0.00317356,USDT,1790387128000,9107194511950,94511950
ETHUSDT,COMMISSION,-0.00215476,USDT,1790387128000,90061331589236,331589236
ETHUSDT,COMMISSION,-0.00592561,USDT,1790387129000,90061331589237,331589237
SOLUSDT,COMMISSION,-0.00219708,USDT,1790387129000,9107194511951,94511951
SOLUSDT,COMMISSION,-0.00292944,USDT,1790387129000,9107194511952,94511952
ETHUSDT,COMMISSION,-0.00808038,USDT,1790387129000,90061331589238,331589238
SOLUSDT,COMMISSION,-0.00146472,USDT,1790387129000,9107194511953,94511953
ETHUSDT,COMMISSION,-0.00484822,USDT,1790387130000,90061331589240,331589240
ETHUSDT,COMMISSION,-0.05009835,USDT,1790387130000,90061331589243,331589243
ETHUSDT,COMMISSION,-0.0398632,USDT,1790387130000,90061331589244,331589244
ETHUSDT,COMMISSION,-0.0064643,USDT,1790387130000,90061331589245,331589245
SOLUSDT,COMMISSION,-0.0012206,USDT,1790387130000,9107194511954,94511954
SOLUSDT,COMMISSION,-0.00170884,USDT,1790387130000,9107194511955,94511955
ETHUSDT,COMMISSION,-0.00538692,USDT,1790387130000,90061331589246,331589246
SOLUSDT,COMMISSION,-0.00219708,USDT,1790387130000,9107194511956,94511956
ETHUSDT,COMMISSION,-0.00484822,USDT,1790387131000,90061331589247,331589247
SOLUSDT,COMMISSION,-0.00170884,USDT,1790387131000,9107194511957,94511957
ETHUSDT,COMMISSION,-0.00754168,USDT,1790387131000,90061331589248,331589248
SOLUSDT,COMMISSION,-0.00219708,USDT,1790387132000,9107194511958,94511958
ETHUSDT,COMMISSION,-0.00915776,USDT,1790387133000,90061331589250,331589250
SOLUSDT,COMMISSION,-0.00219708,USDT,1790387133000,9107194511959,94511959
ETHUSDT,COMMISSION,-0.00538692,USDT,1790387133000,90061331589251,331589251
ETHUSDT,COMMISSION,-0.00915776,USDT,1790387133000,90061331589252,331589252
SOLUSDT,COMMISSION,-0.00146472,USDT,1790387133000,9107194511960,94511960
ETHUSDT,COMMISSION,-0.00484822,USDT,1790387133000,90061331589254,331589254
SOLUSDT,COMMISSION,-0.0024412,USDT,1790387133000,9107194511961,94511961
ETHUSDT,COMMISSION,-0.03070544,USDT,1790387134000,90061331589255,331589255
SOLUSDT,COMMISSION,-0.00268532,USDT,1790387135000,9107194511962,94511962
SOLUSDT,COMMISSION,-0.00268532,USDT,1790387135000,9107194511963,94511963
SOLUSDT,COMMISSION,-0.00195296,USDT,1790387135000,9107194511964,94511964
SOLUSDT,COMMISSION,-0.00341768,USDT,1790387135000,9107194511965,94511965
SOLUSDT,COMMISSION,-0.0024412,USDT,1790387137000,9107194511966,94511966
SOLUSDT,COMMISSION,-0.0012206,USDT,1790387138000,9107194511967,94511967
SOLUSDT,COMMISSION,-0.00317356,USDT,1790387138000,9107194511968,94511968
SOLUSDT,COMMISSION,-0.00195296,USDT,1790387138000,9107194511969,94511969
SOLUSDT,COMMISSION,-0.00170884,USDT,1790387140000,9107194511970,94511970
SOLUSDT,COMMISSION,-0.00195296,USDT,1790387140000,9107194511972,94511972
SOLUSDT,COMMISSION,-0.00341768,USDT,1790387140000,9107194511973,94511973
SOLUSDT,COMMISSION,-0.0012206,USDT,1790387141000,9107194511974,94511974
SOLUSDT,COMMISSION,-0.00146472,USDT,1790387142000,9107194511975,94511975
SOLUSDT,COMMISSION,-0.0012206,USDT,1790387142000,9107194511976,94511976
SOLUSDT,COMMISSION,-0.00195296,USDT,1790387142000,9107194511977,94511977
SOLUSDT,COMMISSION,-0.0024412,USDT,1790387143000,9107194511978,94511978
SOLUSDT,COMMISSION,-0.00170884,USDT,1790387144000,9107194511979,94511979
SOLUSDT,COMMISSION,-0.00341768,USDT,1790387144000,9107194511980,94511980
SOLUSDT,COMMISSION,-0.00146472,USDT,1790387144000,9107194511981,94511981
SOLUSDT,COMMISSION,-0.00317356,USDT,1790387148000,9107194511987,94511987
SOLUSDT,COMMISSION,-0.00170884,USDT,1790387149000,9107194511988,94511988
SOLUSDT,COMMISSION,-0.00170884,USDT,1790387149000,9107194511989,94511989
SOLUSDT,COMMISSION,-0.00219708,USDT,1790387149000,9107194511990,94511990
SOLUSDT,COMMISSION,-0.00195296,USDT,1790387151000,9107194511991,94511991
SOLUSDT,COMMISSION,-0.0012206,USDT,1790387151000,9107194511992,94511992
SOLUSDT,COMMISSION,-0.0012206,USDT,1790387151000,9107194511993,94511993
SOLUSDT,COMMISSION,-0.00170884,USDT,1790387151000,9107194511994,94511994
SOLUSDT,COMMISSION,-0.00146472,USDT,1790387153000,9107194511995,94511995
SOLUSDT,COMMISSION,-0.00195296,USDT,1790387153000,9107194511996,94511996
SOLUSDT,COMMISSION,-0.00219708,USDT,1790387154000,9107194511997,94511997
SOLUSDT,COMMISSION,-0.00219708,USDT,1790387154000,9107194511998,94511998
SOLUSDT,COMMISSION,-0.0012206,USDT,1790387154000,9107194511999,94511999
SOLUSDT,COMMISSION,-0.00219708,USDT,1790387155000,9107194512000,94512000
SOLUSDT,COMMISSION,-0.00195296,USDT,1790387156000,9107194512001,94512001
SOLUSDT,COMMISSION,-0.00268532,USDT,1790387156000,9107194512002,94512002
SOLUSDT,COMMISSION,-0.00292944,USDT,1790387156000,9107194512003,94512003
SOLUSDT,COMMISSION,-0.00219708,USDT,1790387156000,9107194512004,94512004
SOLUSDT,COMMISSION,-0.00170884,USDT,1790387159000,9107194512006,94512006
SOLUSDT,COMMISSION,-0.00268532,USDT,1790387159000,9107194512007,94512007
SOLUSDT,COMMISSION,-0.00170884,USDT,1790387161000,9107194512008,94512008
SOLUSDT,COMMISSION,-0.0012206,USDT,1790387161000,9107194512009,94512009
SOLUSDT,COMMISSION,-0.00146472,USDT,1790387162000,9107194512010,94512010
SOLUSDT,COMMISSION,-0.00146472,USDT,1790387162000,9107194512011,94512011
SOLUSDT,COMMISSION,-0.03979155,USDT,1790387164000,9107194512012,94512012
SOLUSDT,COMMISSION,-0.00170884,USDT,1790387164000,9107194512013,94512013
SOLUSDT,COMMISSION,-0.00268532,USDT,1790387164000,9107194512014,94512014
SOLUSDT,COMMISSION,-0.00219708,USDT,1790387165000,9107194512015,94512015
SOLUSDT,COMMISSION,-0.00219708,USDT,1790387165000,9107194512016,94512016
SOLUSDT,COMMISSION,-0.0012206,USDT,1790387342000,9107194512446,94512446
SOLUSDT,COMMISSION,-0.00317356,USDT,1790387342000,9107194512447,94512447
SOLUSDT,COMMISSION,-0.00146472,USDT,1790387345000,9107194512448,94512448
SOLUSDT,REALIZED_PNL,-4.3092,USDT,1790391605000,9107094521486,94521486
SOLUSDT,COMMISSION,-0.38789184,USDT,1790391605000,9107094521486,94521486
ETHUSDT,REALIZED_PNL,-0.0297,USDT,1790392253000,90060331606981,331606981
ETHUSDT,COMMISSION,-0.00645242,USDT,1790392253000,90060331606981,331606981
ETHUSDT,REALIZED_PNL,-0.07424999,USDT,1790392253000,90060331606982,331606982
ETHUSDT,COMMISSION,-0.01613106,USDT,1790392253000,90060331606982,331606982
ETHUSDT,REALIZED_PNL,-1.683,USDT,1790392253000,90060331606983,331606983
ETHUSDT,COMMISSION,-0.36563736,USDT,1790392253000,90060331606983,331606983
XRPUSDT,REALIZED_PNL,-4.03975,USDT,1790392268000,90100165625397,165625397
XRPUSDT,COMMISSION,-0.38799002,USDT,1790392268000,90100165625397,165625397
BTCUSDT,COMMISSION,-0.38599336,USDT,1790395211000,90030541289063,541289063
ETHUSDT,COMMISSION,-0.38927887,USDT,1790408712000,90061331662269,331662269
BTCUSDT,REALIZED_PNL,-1.46625,USDT,1790409082000,90031541328811,541328811
BTCUSDT,COMMISSION,-0.38657986,USDT,1790409082000,90031541328811,541328811
ETHUSDT,FUNDING_FEE,-0.09737335,USDT,1790409600000,1561380878469448100,
SOLUSDT,COMMISSION,-0.1940022,USDT,1790412334000,9107194563014,94563014
SOLUSDT,REALIZED_PNL,-6.0075,USDT,1790413943000,9107094566313,94566313
SOLUSDT,COMMISSION,-0.3856014,USDT,1790413943000,9107094566313,94566313
ETHUSDT,REALIZED_PNL,-1.7195,USDT,1790413994000,90060331684847,331684847
ETHUSDT,COMMISSION,-0.38859107,USDT,1790413994000,90060331684847,331684847
DOGEUSDT,COMMISSION,-0.19392312,USDT,1790420469000,90651152466369,152466369
SOLUSDT,COMMISSION,-0.3878496,USDT,1790422213000,9107194582159,94582159
ETHUSDT,COMMISSION,-0.0043023,USDT,1790423343000,90061331714261,331714261
ETHUSDT,COMMISSION,-0.00645345,USDT,1790423343000,90061331714262,331714262
ETHUSDT,COMMISSION,-0.00914239,USDT,1790423343000,90061331714263,331714263
ETHUSDT,COMMISSION,-0.0043023,USDT,1790423343000,90061331714264,331714264
ETHUSDT,COMMISSION,-0.00914239,USDT,1790423345000,90061331714265,331714265
ETHUSDT,COMMISSION,-0.00537788,USDT,1790423345000,90061331714266,331714266
ETHUSDT,COMMISSION,-0.0086046,USDT,1790423345000,90061331714267,331714267
ETHUSDT,COMMISSION,-0.0043023,USDT,1790423345000,90061331714268,331714268
ETHUSDT,COMMISSION,-0.00484009,USDT,1790423347000,90061331714269,331714269
ETHUSDT,COMMISSION,-0.00645345,USDT,1790423347000,90061331714270,331714270
ETHUSDT,COMMISSION,-0.00699124,USDT,1790423348000,90061331714271,331714271
ETHUSDT,COMMISSION,-0.12369124,USDT,1790423348000,90061331714272,331714272
DOGEUSDT,REALIZED_PNL,-7.5164,USDT,1790425686000,90650152495125,152495125
DOGEUSDT,COMMISSION,-0.38483968,USDT,1790425686000,90650152495125,152495125
ETHUSDT,REALIZED_PNL,-2.2752,USDT,1790429251000,90060331733476,331733476
ETHUSDT,COMMISSION,-0.38629728,USDT,1790429251000,90060331733476,331733476
DOGEUSDT,COMMISSION,-0.00119291,USDT,1790434817000,90651152544120,152544120
DOGEUSDT,COMMISSION,-0.00107558,USDT,1790434817000,90651152544121,152544121
DOGEUSDT,COMMISSION,-0.00109513,USDT,1790434817000,90651152544122,152544122
DOGEUSDT,COMMISSION,-0.0011538,USDT,1790434818000,90651152544123,152544123
DOGEUSDT,COMMISSION,-0.00784195,USDT,1790434820000,90651152544126,152544126
DOGEUSDT,COMMISSION,-0.00107558,USDT,1790434820000,90651152544128,152544128
DOGEUSDT,COMMISSION,-0.00119291,USDT,1790434820000,90651152544129,152544129
DOGEUSDT,COMMISSION,-0.00101691,USDT,1790434822000,90651152544130,152544130
DOGEUSDT,COMMISSION,-0.00119291,USDT,1790434822000,90651152544131,152544131
DOGEUSDT,COMMISSION,-0.00101691,USDT,1790434822000,90651152544132,152544132
DOGEUSDT,COMMISSION,-0.00103646,USDT,1790434823000,90651152544133,152544133
DOGEUSDT,COMMISSION,-0.17449818,USDT,1790434826000,90651152544138,152544138
DOGEUSDT,FUNDING_FEE,-0.03960948,USDT,1790438400000,1562588839489456960,
SOLUSDT,FUNDING_FEE,-0.0979629,USDT,1790438400000,1562588839783056350,
BTCUSDT,COMMISSION,-0.38352062,USDT,1790438408000,90031541409268,541409268
DOGEUSDT,REALIZED_PNL,-2.76892,USDT,1790447408000,90650152614614,152614614
DOGEUSDT,COMMISSION,-0.385671,USDT,1790447408000,90650152614614,152614614
BTCUSDT,REALIZED_PNL,-1.50366,USDT,1790449208000,90030541437400,541437400
BTCUSDT,COMMISSION,-0.38291916,USDT,1790449208000,90030541437400,541437400
SOLUSDT,REALIZED_PNL,0.021,USDT,1790449216000,9107094638539,94638539
SOLUSDT,COMMISSION,-0.0024204,USDT,1790449216000,9107094638539,94638539
SOLUSDT,REALIZED_PNL,1.7578,USDT,1790449216000,9107094638540,94638540
SOLUSDT,COMMISSION,-0.38614072,USDT,1790449216000,9107094638540,94638540
BTCUSDT,COMMISSION,-0.04877278,USDT,1790458210000,90031541466055,541466055
BTCUSDT,COMMISSION,-0.14295469,USDT,1790458210000,90031541466056,541466056
SOLUSDT,COMMISSION,-0.38703,USDT,1790460011000,9107194661427,94661427
ETHUSDT,COMMISSION,-0.19354968,USDT,1790460921000,90061331845237,331845237
BTCUSDT,FUNDING_FEE,-0.09620175,USDT,1790467200000,1563796796524875510,
ETHUSDT,FUNDING_FEE,-0.09703056,USDT,1790467200000,1563796797279846580,
SOLUSDT,FUNDING_FEE,-0.03557713,USDT,1790467200000,1563796798873685250,
SOLUSDT,REALIZED_PNL,-2.394,USDT,1790469911000,9107094682986,94682986
SOLUSDT,COMMISSION,-0.3860724,USDT,1790469911000,9107094682986,94682986
BTCUSDT,REALIZED_PNL,3.6993,USDT,1790473910000,90030541518086,541518086
BTCUSDT,COMMISSION,-0.38493468,USDT,1790473910000,90030541518086,541518086
ETHUSDT,REALIZED_PNL,3.2904,USDT,1790473915000,90060331894984,331894984
ETHUSDT,COMMISSION,-0.38841552,USDT,1790473915000,90060331894984,331894984
SOLUSDT,COMMISSION,-0.38666496,USDT,1790475313000,9107194693910,94693910
SOLUSDT,REALIZED_PNL,-3.184,USDT,1790477876000,9107094699856,94699856
SOLUSDT,COMMISSION,-0.38539136,USDT,1790477876000,9107094699856,94699856
XRPUSDT,COMMISSION,-0.19324008,USDT,1790478170000,90100166006942,166006942
XRPUSDT,REALIZED_PNL,7.69197,USDT,1790483872000,90101166030374,166030374
XRPUSDT,COMMISSION,-0.38340338,USDT,1790483872000,90101166030374,166030374
BTCUSDT,COMMISSION,-0.19257632,USDT,1790487912000,90031541562446,541562446
SOLUSDT,COMMISSION,-0.00170044,USDT,1790489743000,9107194725113,94725113
SOLUSDT,COMMISSION,-0.1919068,USDT,1790489743000,9107194725114,94725114
SOLUSDT,REALIZED_PNL,7.8903,USDT,1790495419000,9107094737711,94737711
SOLUSDT,COMMISSION,-0.3903706,USDT,1790495419000,9107094737711,94737711
BTCUSDT,REALIZED_PNL,1.03626,USDT,1790495506000,90030541586698,541586698
BTCUSDT,COMMISSION,-0.38556715,USDT,1790495506000,90030541586698,541586698
SOLUSDT,COMMISSION,-0.38750688,USDT,1790534714000,9107194822281,94822281
ETHUSDT,COMMISSION,-0.00161771,USDT,1790535642000,90061332147493,332147493
ETHUSDT,COMMISSION,-0.00161771,USDT,1790535642000,90061332147495,332147495
ETHUSDT,COMMISSION,-0.0043139,USDT,1790535642000,90061332147496,332147496
ETHUSDT,COMMISSION,-0.00539238,USDT,1790535643000,90061332147497,332147497
ETHUSDT,COMMISSION,-0.00754933,USDT,1790535643000,90061332147498,332147498
ETHUSDT,COMMISSION,-0.07818951,USDT,1790535644000,90061332147514,332147514
ETHUSDT,COMMISSION,-0.09490588,USDT,1790535645000,90061332147515,332147515
ETHUSDT,REALIZED_PNL,-2.69609,USDT,1790540702000,90060332166235,332166235
ETHUSDT,COMMISSION,-0.38609444,USDT,1790540702000,90060332166235,332166235
SOLUSDT,REALIZED_PNL,-6.7768,USDT,1790546602000,9107094847486,94847486
SOLUSDT,COMMISSION,-0.38479616,USDT,1790546602000,9107094847486,94847486
BTCUSDT,COMMISSION,-0.385092,USDT,1790547309000,90031541783066,541783066
BTCUSDT,REALIZED_PNL,0.21476,USDT,1790548208000,90030541786846,541786846
BTCUSDT,COMMISSION,-0.0879139,USDT,1790548208000,90030541786846,541786846
BTCUSDT,REALIZED_PNL,0.04188,USDT,1790548208000,90030541786847,541786847
BTCUSDT,COMMISSION,-0.02028475,USDT,1790548208000,90030541786847,541786847
BTCUSDT,REALIZED_PNL,0.07678,USDT,1790548208000,90030541786848,541786848
BTCUSDT,COMMISSION,-0.03718871,USDT,1790548208000,90030541786848,541786848
BTCUSDT,REALIZED_PNL,0.48848,USDT,1790548208000,90030541786849,541786849
BTCUSDT,COMMISSION,-0.24003339,USDT,1790548208000,90030541786849,541786849
