symbol,direction,opened_at_utc,closed_at_utc,hold_duration_minutes,close_reason,planned_entry_price,actual_entry_price,entry_slippage_usd,planned_exit_price,actual_exit_price,exit_slippage_usd,contract_quantity,notional_position_usd,exchange_fees_paid,idealized_pnl_usd,realized_binance_pnl,total_friction_loss_usd,net_wallet_delta_usd,entry_order_id,exit_order_id,notes
ETHUSDT,LONG,2026-09-13T00:15:17.439000+00:00,2026-09-13T03:00:51.037000+00:00,165.6,SIGNAL_FLIP,2525.01,2525.01,0.0,2519.58,2519.58,0.0,0.008,20.2,0.4031,-0.0434,-2.1442,2.1007,-2.5473,16792776841,16792864254,Direct Binance Execution (SIGNAL_FLIP) via Order 16792864254
SOLUSDT,SHORT,2026-09-13T04:15:14.436000+00:00,2026-09-13T04:16:13.575000+00:00,1.0,SIGNAL_FLIP,101.61,101.61,-0.0,101.91,101.91,-0.0,7.3,741.75,0.5943,-2.19,-2.19,0.0,-2.7843,4202369669,4202370193,Direct Binance Execution (SIGNAL_FLIP) via Order 4202370193
XRPUSDT,LONG,2026-09-13T00:00:22.082000+00:00,2026-09-13T06:54:06.084000+00:00,413.7,SIGNAL_FLIP,1.3657,1.3657,0.0,1.3615,1.3615,0.0,732.2,999.97,0.5987,-3.0752,-3.0752,0.0,-3.674,3500944705,3501103163,Direct Binance Execution (SIGNAL_FLIP) via Order 3501103163
ETHUSDT,LONG,2026-09-13T00:15:17.439000+00:00,2026-09-13T22:30:23.711000+00:00,1335.1,SIGNAL_FLIP,2525.01,2525.01,0.0,2479.7,2479.7,0.0,0.008,20.2,0.1191,-0.3625,-5.2542,4.8917,-5.3733,16792776841,16793613976,Direct Binance Execution (SIGNAL_FLIP) via Order 16793613976
DOGEUSDT,SHORT,2026-09-14T12:15:11.283000+00:00,2026-09-14T12:45:11.879000+00:00,30.0,SIGNAL_FLIP,0.08407,0.08415,0.9487,0.0841,0.0841,-0.0,11859.0,997.93,0.7981,-0.3558,0.5929,-0.9487,-0.2052,2343028799,2343043272,Direct Binance Execution (SIGNAL_FLIP) via Order 2343043272
SOLUSDT,SHORT,2026-09-14T13:30:48.568000+00:00,2026-09-14T15:15:13.683000+00:00,104.4,SIGNAL_FLIP,101.34,101.34,-0.0,101.73,101.73,-0.0,9.83,996.17,0.5992,-3.8337,-3.8337,-0.0,-4.4329,4203530633,4203603941,Direct Binance Execution (SIGNAL_FLIP) via Order 4203603941
DOGEUSDT,SHORT,2026-09-14T13:47:26.144000+00:00,2026-09-14T16:30:10.277000+00:00,162.7,SIGNAL_FLIP,0.08409,0.08409,-0.0,0.08426,0.08426,-0.0,11856.0,996.97,0.599,-2.0155,-2.0155,-0.0,-2.6145,2343051895,2343164503,Direct Binance Execution (SIGNAL_FLIP) via Order 2343164503
BTCUSDT,SHORT,2026-09-15T19:00:10.285000+00:00,2026-09-15T19:05:57.722000+00:00,5.8,SIGNAL_FLIP,75969.5,75983.0,0.1768,76798.0,76798.0,-0.0,0.0131,995.38,0.8006,-10.8534,-10.6765,-0.1768,-11.4771,28586931394,28586934934,Direct Binance Execution (SIGNAL_FLIP) via Order 28586934934
SOLUSDT,SHORT,2026-09-16T06:15:16.573000+00:00,2026-09-16T06:30:12.557000+00:00,14.9,SIGNAL_FLIP,97.09,97.09,-0.0,97.26,97.26,-0.0,0.16,15.53,0.0759,-0.0272,-0.1818,0.1546,-0.2576,4204971731,4204979586,Direct Binance Execution (SIGNAL_FLIP) via Order 4204979586
SOLUSDT,SHORT,2026-09-16T06:15:16.573000+00:00,2026-09-16T06:30:12.557000+00:00,14.9,SIGNAL_FLIP,97.09,97.09,-0.0,97.27,97.27,-0.0,0.16,15.53,0.3249,-0.0288,-0.8865,0.8577,-1.2114,4204971731,4204979586,Direct Binance Execution (SIGNAL_FLIP) via Order 4204979586
SOLUSDT,SHORT,2026-09-16T06:15:16.573000+00:00,2026-09-16T06:30:12.557000+00:00,14.9,SIGNAL_FLIP,97.09,97.09,-0.0,97.26,97.26,-0.0,0.16,15.53,0.0054,-0.0272,-0.0058,-0.0214,-0.0113,4204971731,4204979586,Direct Binance Execution (SIGNAL_FLIP) via Order 4204979586
SOLUSDT,SHORT,2026-09-16T06:15:16.573000+00:00,2026-09-16T06:30:12.557000+00:00,14.9,SIGNAL_FLIP,97.09,97.09,-0.0,97.26,97.26,-0.0,0.16,15.53,0.0043,-0.0272,-0.0029,-0.0243,-0.0072,4204971731,4204979586,Direct Binance Execution (SIGNAL_FLIP) via Order 4204979586
SOLUSDT,SHORT,2026-09-16T06:45:22.220000+00:00,2026-09-16T07:00:08.063000+00:00,14.8,SIGNAL_FLIP,96.99,96.99,-0.0,97.3,97.3,-0.0,9.7,940.8,0.5863,-3.007,-3.1713,0.1643,-3.7576,4204989028,4204998430,Direct Binance Execution (SIGNAL_FLIP) via Order 4204998430
ETHUSDT,SHORT,2026-09-16T07:00:13.422000+00:00,2026-09-16T07:01:19.035000+00:00,1.1,SIGNAL_FLIP,2397.08,2404.85,4.2813,2406.64,2406.64,-0.0,0.551,1325.07,1.0605,-5.2676,-0.9863,-4.2813,-2.0467,16795929781,16795930501,Direct Binance Execution (SIGNAL_FLIP) via Order 16795930501
DOGEUSDT,SHORT,2026-09-16T07:00:09.831000+00:00,2026-09-16T07:03:32.405000+00:00,3.4,SIGNAL_FLIP,0.08004,0.0802,1.9851,0.08034,0.08034,-0.0,12407.0,995.04,0.7967,-3.7221,-1.737,-1.9851,-2.5337,2344354132,2344356032,Direct Binance Execution (SIGNAL_FLIP) via Order 2344356032
ETHUSDT,SHORT,2026-09-16T07:39:51.313000+00:00,2026-09-16T09:45:11.855000+00:00,125.3,SIGNAL_FLIP,2399.81,2399.81,-0.0,2403.39,2403.39,-0.0,0.413,991.12,0.5953,-1.4785,-1.4785,0.0,-2.0738,16795949910,16796019059,Direct Binance Execution (SIGNAL_FLIP) via Order 16796019059
BTCUSDT,SHORT,2026-09-16T08:05:20.265000+00:00,2026-09-16T10:02:31.978000+00:00,117.2,SIGNAL_FLIP,75773.1,75773.1,-0.0,75996.2,75996.2,-0.0,0.013,985.05,0.5922,-2.9003,-2.9003,0.0,-3.4925,28587494550,28587587462,Direct Binance Execution (SIGNAL_FLIP) via Order 28587587462
DOGEUSDT,SHORT,2026-09-16T07:15:10.532000+00:00,2026-09-16T11:15:09.205000+00:00,240.0,SIGNAL_FLIP,0.07999,0.07999,-0.0,0.07989,0.07989,-0.0,12392.0,991.24,0.7925,1.2392,1.2392,0.0,0.4467,2344363137,2344481852,Direct Binance Execution (SIGNAL_FLIP) via Order 2344481852
ETHUSDT,SHORT,2026-09-16T13:45:24.380000+00:00,2026-09-16T14:00:12.379000+00:00,14.8,SIGNAL_FLIP,2398.16,2398.16,-0.0,2393.11,2393.11,-0.0,0.071,170.27,0.4294,0.3585,2.089,-1.7305,1.6596,16796156249,16796164575,Direct Binance Execution (SIGNAL_FLIP) via Order 16796164575
DOGEUSDT,SHORT,2026-09-16T13:00:10.650000+00:00,2026-09-16T18:06:08.011000+00:00,306.0,SIGNAL_FLIP,0.0793,0.07931,0.1249,0.07998,0.07998,-0.0,12487.0,990.34,0.7956,-8.4912,-8.3663,-0.1249,-9.1619,2344537422,2344710762,Direct Binance Execution (SIGNAL_FLIP) via Order 2344710762
BTCUSDT,SHORT,2026-09-16T13:45:10.245000+00:00,2026-09-16T18:10:37.654000+00:00,265.5,SIGNAL_FLIP,75742.9,75754.3,0.1482,76100.0,76100.0,-0.0,0.013,984.81,0.7896,-4.6423,-4.4941,-0.1482,-5.2837,28587755482,28587951299,Direct Binance Execution (SIGNAL_FLIP) via Order 28587951299
BTCUSDT,SHORT,2026-09-16T19:45:09.416000+00:00,2026-09-16T19:46:43.979000+00:00,1.6,SIGNAL_FLIP,75494.9,75847.0,4.5773,75982.4,75982.4,-0.0,0.013,986.01,0.7895,-6.3375,-1.7602,-4.5773,-2.5497,28588035380,28588036646,Direct Binance Execution (SIGNAL_FLIP) via Order 28588036646
SOLUSDT,SHORT,2026-09-16T23:00:18.018000+00:00,2026-09-16T23:15:12.516000+00:00,14.9,SIGNAL_FLIP,97.44,97.45,0.1013,97.7,97.7,-0.0,10.13,987.17,0.7907,-2.6338,-2.5325,-0.1013,-3.3232,4205565796,4205574251,Direct Binance Execution (SIGNAL_FLIP) via Order 4205574251
ETHUSDT,SHORT,2026-09-16T23:09:26.093000+00:00,2026-09-16T23:20:56.842000+00:00,11.5,SIGNAL_FLIP,2396.72,2396.72,-0.0,2409.49,2409.49,-0.0,0.412,987.45,0.5946,-5.2612,-5.2612,0.0,-5.8558,16796466236,16796477531,Direct Binance Execution (SIGNAL_FLIP) via Order 16796477531
SOLUSDT,SHORT,2026-09-16T23:15:17.466000+00:00,2026-09-16T23:23:26.610000+00:00,8.2,SIGNAL_FLIP,97.44,97.69,0.1625,98.35,98.35,-0.0,0.65,63.5,0.4235,-0.5915,-7.0026,6.4111,-7.4261,4205574294,4205579214,Direct Binance Execution (SIGNAL_FLIP) via Order 4205579214
BTCUSDT,SHORT,2026-09-16T22:45:08.992000+00:00,2026-09-16T23:40:11.447000+00:00,55.0,SIGNAL_FLIP,75722.5,75726.1,0.0072,76093.1,76093.1,-0.0,0.002,151.45,0.4563,-0.7412,-4.771,4.0298,-5.2273,28588156816,28588189338,Direct Binance Execution (SIGNAL_FLIP) via Order 28588189338
XRPUSDT,SHORT,2026-09-17T05:45:21.662000+00:00,2026-09-17T06:45:12.801000+00:00,59.9,SIGNAL_FLIP,1.2948,1.2948,-0.0,1.3017,1.3017,-0.0,741.2,959.71,0.5871,-5.1143,-5.2364,0.1221,-5.8235,3503804021,3503832804,Direct Binance Execution (SIGNAL_FLIP) via Order 3503832804
BTCUSDT,SHORT,2026-09-17T10:45:22.999000+00:00,2026-09-17T12:12:15.063000+00:00,86.9,SIGNAL_FLIP,76329.3,76329.3,-0.0,76598.8,76598.8,-0.0,0.0114,870.15,0.5662,-3.0723,-3.4496,0.3773,-4.0158,28588592229,28588647622,Direct Binance Execution (SIGNAL_FLIP) via Order 28588647622
BTCUSDT,SHORT,2026-09-17T15:30:15.515000+00:00,2026-09-17T15:40:39.062000+00:00,10.4,SIGNAL_FLIP,76413.3,76414.4,0.0141,76677.6,76677.6,-0.0,0.0128,978.1,0.7838,-3.383,-3.369,-0.0141,-4.1528,28588779785,28588786140,Direct Binance Execution (SIGNAL_FLIP) via Order 28588786140
SOLUSDT,LONG,2026-09-17T20:31:06.691000+00:00,2026-09-17T22:30:13.029000+00:00,119.1,SIGNAL_FLIP,101.29,101.29,0.0,100.78,100.78,0.0,0.03,3.04,0.3904,-0.0153,-4.9317,4.9164,-5.3221,4206129876,4206174017,Direct Binance Execution (SIGNAL_FLIP) via Order 4206174017
DOGEUSDT,LONG,2026-09-18T00:15:10.380000+00:00,2026-09-18T00:22:13.066000+00:00,7.0,SIGNAL_FLIP,0.08175,0.0816,1.7953,0.08147,0.08147,0.0,11969.0,976.67,0.7807,-3.3513,-1.556,-1.7954,-2.3367,2345620339,2345622863,Direct Binance Execution (SIGNAL_FLIP) via Order 2345622863
XRPUSDT,SHORT,2026-09-17T18:00:14.344000+00:00,2026-09-18T01:00:13.300000+00:00,420.0,SIGNAL_FLIP,1.2999,1.2999,-0.0,1.3001,1.3001,-0.0,753.8,979.86,0.784,-0.1508,-0.1508,0.0,-0.9347,3504130640,3504310375,Direct Binance Execution (SIGNAL_FLIP) via Order 3504310375
SOLUSDT,LONG,2026-09-17T22:45:14.680000+00:00,2026-09-18T01:51:09.083000+00:00,185.9,SIGNAL_FLIP,101.4,101.4,0.0,102.57,102.57,0.0,9.65,978.51,0.7873,11.2905,11.2905,-0.0,10.5032,4206180100,4206257840,Direct Binance Execution (SIGNAL_FLIP) via Order 4206257840
SOLUSDT,LONG,2026-09-19T00:45:14.346000+00:00,2026-09-19T01:37:08.084000+00:00,51.9,SIGNAL_FLIP,113.31,113.31,0.0,112.96,112.96,0.0,8.65,980.13,0.5869,-3.0275,-3.0275,-0.0,-3.6144,4206951747,4206978323,Direct Binance Execution (SIGNAL_FLIP) via Order 4206978323
DOGEUSDT,LONG,2026-09-19T02:30:10.311000+00:00,2026-09-19T03:30:39.062000+00:00,60.5,SIGNAL_FLIP,0.08848,0.08825,2.5461,0.08779,0.08779,0.0,11070.0,976.93,0.7795,-7.6383,-5.0922,-2.5461,-5.8717,2346443269,2346475955,Direct Binance Execution (SIGNAL_FLIP) via Order 2346475955
BTCUSDT,SHORT,2026-09-19T04:15:09.336000+00:00,2026-09-19T08:18:22.071000+00:00,243.2,SIGNAL_FLIP,81114.0,81152.1,0.4572,81182.5,81182.5,-0.0,0.012,973.83,0.7792,-0.822,-0.3648,-0.4572,-1.144,28591175000,28591362447,Direct Binance Execution (SIGNAL_FLIP) via Order 28591362447
BTCUSDT,LONG,2026-09-19T08:30:26.533000+00:00,2026-09-19T13:45:08.084000+00:00,314.7,SIGNAL_FLIP,81220.0,81220.0,0.0,81211.2,81211.2,0.0,0.012,974.64,0.5847,-0.1056,-0.1056,-0.0,-0.6903,28591371754,28591603624,Direct Binance Execution (SIGNAL_FLIP) via Order 28591603624
DOGEUSDT,LONG,2026-09-19T10:48:43.588000+00:00,2026-09-19T14:18:18.071000+00:00,209.6,SIGNAL_FLIP,0.08772,0.08772,0.0,0.08938,0.08938,0.0,11160.0,978.96,0.5948,18.5256,18.5256,-0.0,17.9308,2346695071,2346810024,Direct Binance Execution (SIGNAL_FLIP) via Order 2346810024
SOLUSDT,LONG,2026-09-19T15:30:14.326000+00:00,2026-09-19T16:00:13.224000+00:00,30.0,SIGNAL_FLIP,111.91,111.75,1.4032,111.59,111.59,0.0,8.77,980.05,0.7835,-2.8064,-1.4032,-1.4032,-2.1867,4207373500,4207388168,Direct Binance Execution (SIGNAL_FLIP) via Order 4207388168
SOLUSDT,LONG,2026-09-19T17:00:12.971000+00:00,2026-09-19T17:28:29.071000+00:00,28.3,SIGNAL_FLIP,111.95,111.87,0.6296,111.51,111.51,0.0,7.87,880.42,0.7429,-3.4628,-3.1269,-0.3359,-3.8698,4207416616,4207429478,Direct Binance Execution (SIGNAL_FLIP) via Order 4207429478
ETHUSDT,LONG,2026-09-19T14:45:12.165000+00:00,2026-09-19T19:00:10.996000+00:00,255.0,SIGNAL_FLIP,2642.04,2637.98,1.5063,2637.99,2637.99,0.0,0.371,978.69,0.783,-1.5026,0.0037,-1.5063,-0.7792,16798748019,16798910382,Direct Binance Execution (SIGNAL_FLIP) via Order 16798910382
SOLUSDT,LONG,2026-09-20T00:46:11.668000+00:00,2026-09-20T01:08:42.091000+00:00,22.5,SIGNAL_FLIP,111.08,111.08,0.0,110.74,110.74,0.0,0.02,2.22,0.3916,-0.0068,-3.0022,2.9954,-3.3938,4207643159,4207653670,Direct Binance Execution (SIGNAL_FLIP) via Order 4207653670
BTCUSDT,LONG,2026-09-20T00:45:39.538000+00:00,2026-09-20T01:13:33.062000+00:00,27.9,SIGNAL_FLIP,81281.5,81281.5,0.0,81172.3,81172.3,0.0,0.0001,8.13,0.3913,-0.0109,-1.3104,1.2995,-1.7017,28592190978,28592212055,Direct Binance Execution (SIGNAL_FLIP) via Order 28592212055
DOGEUSDT,SHORT,2026-09-20T14:00:19.269000+00:00,2026-09-20T14:03:07.067000+00:00,2.8,SIGNAL_FLIP,0.08491,0.08491,-0.0,0.08519,0.08519,-0.0,9619.0,816.75,0.5562,-2.6933,-3.2284,0.5351,-3.7846,2347546734,2347549374,Direct Binance Execution (SIGNAL_FLIP) via Order 2347549374
BTCUSDT,LONG,2026-09-20T23:05:07.045000+00:00,2026-09-21T01:23:22.064000+00:00,138.3,SIGNAL_FLIP,81140.0,81140.0,0.0,81750.0,81750.0,0.0,0.012,973.68,0.5871,7.32,7.32,0.0,6.7329,28593592825,28593736020,Direct Binance Execution (SIGNAL_FLIP) via Order 28593736020
BTCUSDT,SHORT,2026-09-21T04:34:26.323000+00:00,2026-09-21T05:00:08.781000+00:00,25.7,SIGNAL_FLIP,81249.0,81249.0,-0.0,81394.1,81394.1,-0.0,0.012,974.99,0.5857,-1.7412,-1.7412,-0.0,-2.3269,28593898984,28593922559,Direct Binance Execution (SIGNAL_FLIP) via Order 28593922559
BTCUSDT,LONG,2026-09-21T05:07:18.903000+00:00,2026-09-21T08:23:10.095000+00:00,195.9,SIGNAL_FLIP,81375.5,81375.5,0.0,81946.9,81946.9,0.0,0.012,976.51,0.5886,6.8568,6.8568,-0.0,6.2682,28593922670,28594209862,Direct Binance Execution (SIGNAL_FLIP) via Order 28594209862
ETHUSDT,LONG,2026-09-21T08:30:13.079000+00:00,2026-09-21T09:32:22.071000+00:00,62.1,SIGNAL_FLIP,2677.82,2677.82,0.0,2702.56,2702.56,0.0,0.366,980.08,0.7877,9.0548,9.0548,-0.0,8.2672,16800744617,16800813191,Direct Binance Execution (SIGNAL_FLIP) via Order 16800813191
SOLUSDT,LONG,2026-09-21T19:30:16.678000+00:00,2026-09-22T01:15:12.469000+00:00,344.9,SIGNAL_FLIP,117.88,117.88,0.0,117.89,117.89,0.0,8.06,950.11,0.5828,0.0806,0.0833,-0.0027,-0.4995,4208825839,4208961064,Direct Binance Execution (SIGNAL_FLIP) via Order 4208961064
SOLUSDT,LONG,2026-09-22T15:54:50.016000+00:00,2026-09-22T16:15:18.694000+00:00,20.5,SIGNAL_FLIP,117.48,117.48,0.0,116.74,116.74,0.0,8.35,980.96,0.5861,-6.179,-6.179,-0.0,-6.7651,4209288286,4209299591,Direct Binance Execution (SIGNAL_FLIP) via Order 4209299591
DOGEUSDT,LONG,2026-09-22T17:45:09.951000+00:00,2026-09-22T18:45:09.511000+00:00,60.0,SIGNAL_FLIP,0.09979,0.09962,1.6431,0.09989,0.09989,0.0,9665.0,962.83,0.3872,0.9665,0.0143,0.9522,-0.3729,2349084808,2349111297,Direct Binance Execution (SIGNAL_FLIP) via Order 2349111297
DOGEUSDT,LONG,2026-09-22T17:45:09.951000+00:00,2026-09-22T18:45:09.511000+00:00,60.0,SIGNAL_FLIP,0.09979,0.09962,1.6431,0.09989,0.09989,0.0,9665.0,962.83,0.3873,0.9665,0.0146,0.9519,-0.3727,2349084808,2349111297,Direct Binance Execution (SIGNAL_FLIP) via Order 2349111297
DOGEUSDT,LONG,2026-09-22T17:45:09.951000+00:00,2026-09-22T18:45:09.511000+00:00,60.0,SIGNAL_FLIP,0.09979,0.09962,1.6431,0.09989,0.09989,0.0,9665.0,962.83,0.3874,0.9665,0.0157,0.9508,-0.3718,2349084808,2349111297,Direct Binance Execution (SIGNAL_FLIP) via Order 2349111297
DOGEUSDT,LONG,2026-09-22T17:45:09.951000+00:00,2026-09-22T18:45:09.511000+00:00,60.0,SIGNAL_FLIP,0.09979,0.09962,1.6431,0.09989,0.09989,0.0,9665.0,962.83,0.3874,0.9665,0.0157,0.9508,-0.3718,2349084808,2349111297,Direct Binance Execution (SIGNAL_FLIP) via Order 2349111297
DOGEUSDT,LONG,2026-09-22T17:45:09.951000+00:00,2026-09-22T18:45:09.511000+00:00,60.0,SIGNAL_FLIP,0.09979,0.09962,1.6431,0.09989,0.09989,0.0,9665.0,962.83,0.3872,0.9665,0.0143,0.9522,-0.3729,2349084808,2349111297,Direct Binance Execution (SIGNAL_FLIP) via Order 2349111297
DOGEUSDT,LONG,2026-09-22T17:45:09.951000+00:00,2026-09-22T18:45:09.511000+00:00,60.0,SIGNAL_FLIP,0.09979,0.09962,1.6431,0.09989,0.09989,0.0,9665.0,962.83,0.3873,0.9665,0.0149,0.9516,-0.3725,2349084808,2349111297,Direct Binance Execution (SIGNAL_FLIP) via Order 2349111297
DOGEUSDT,LONG,2026-09-22T17:45:09.951000+00:00,2026-09-22T18:45:09.511000+00:00,60.0,SIGNAL_FLIP,0.09979,0.09962,1.6431,0.09989,0.09989,0.0,9665.0,962.83,0.3872,0.9665,0.0143,0.9522,-0.3729,2349084808,2349111297,Direct Binance Execution (SIGNAL_FLIP) via Order 2349111297
DOGEUSDT,LONG,2026-09-22T17:45:09.951000+00:00,2026-09-22T18:45:09.511000+00:00,60.0,SIGNAL_FLIP,0.09979,0.09962,1.6431,0.09989,0.09989,0.0,9665.0,962.83,0.3872,0.9665,0.0143,0.9522,-0.3729,2349084808,2349111297,Direct Binance Execution (SIGNAL_FLIP) via Order 2349111297
DOGEUSDT,LONG,2026-09-22T17:45:09.951000+00:00,2026-09-22T18:45:09.511000+00:00,60.0,SIGNAL_FLIP,0.09979,0.09962,1.6431,0.09989,0.09989,0.0,9665.0,962.83,0.3873,0.9665,0.0146,0.9519,-0.3727,2349084808,2349111297,Direct Binance Execution (SIGNAL_FLIP) via Order 2349111297
DOGEUSDT,LONG,2026-09-22T17:45:09.951000+00:00,2026-09-22T18:45:09.511000+00:00,60.0,SIGNAL_FLIP,0.09979,0.09962,1.6431,0.09989,0.09989,0.0,9665.0,962.83,0.3874,0.9665,0.0154,0.9511,-0.372,2349084808,2349111297,Direct Binance Execution (SIGNAL_FLIP) via Order 2349111297
DOGEUSDT,LONG,2026-09-22T17:45:09.951000+00:00,2026-09-22T18:45:09.511000+00:00,60.0,SIGNAL_FLIP,0.09979,0.09962,1.6431,0.09988,0.09988,0.0,9665.0,962.83,0.7183,0.8698,2.1723,-1.3024,1.454,2349084808,2349111297,Direct Binance Execution (SIGNAL_FLIP) via Order 2349111297
DOGEUSDT,LONG,2026-09-22T17:45:09.951000+00:00,2026-09-22T18:45:09.511000+00:00,60.0,SIGNAL_FLIP,0.09979,0.09962,1.6431,0.09989,0.09989,0.0,9665.0,962.83,0.3872,0.9665,0.0141,0.9524,-0.3731,2349084808,2349111297,Direct Binance Execution (SIGNAL_FLIP) via Order 2349111297
DOGEUSDT,LONG,2026-09-22T17:45:09.951000+00:00,2026-09-22T18:45:09.511000+00:00,60.0,SIGNAL_FLIP,0.09979,0.09962,1.6431,0.09989,0.09989,0.0,9665.0,962.83,0.3874,0.9665,0.0157,0.9508,-0.3718,2349084808,2349111297,Direct Binance Execution (SIGNAL_FLIP) via Order 2349111297
DOGEUSDT,LONG,2026-09-22T17:45:09.951000+00:00,2026-09-22T18:45:09.511000+00:00,60.0,SIGNAL_FLIP,0.09979,0.09962,1.6431,0.09989,0.09989,0.0,9665.0,962.83,0.3874,0.9665,0.0157,0.9508,-0.3718,2349084808,2349111297,Direct Binance Execution (SIGNAL_FLIP) via Order 2349111297
DOGEUSDT,LONG,2026-09-22T17:45:09.951000+00:00,2026-09-22T18:45:09.511000+00:00,60.0,SIGNAL_FLIP,0.09979,0.09962,1.6431,0.09989,0.09989,0.0,9665.0,962.83,0.3874,0.9665,0.0157,0.9508,-0.3718,2349084808,2349111297,Direct Binance Execution (SIGNAL_FLIP) via Order 2349111297
DOGEUSDT,LONG,2026-09-22T17:45:09.951000+00:00,2026-09-22T18:45:09.511000+00:00,60.0,SIGNAL_FLIP,0.09979,0.09962,1.6431,0.09989,0.09989,0.0,9665.0,962.83,0.3873,0.9665,0.0146,0.9519,-0.3727,2349084808,2349111297,Direct Binance Execution (SIGNAL_FLIP) via Order 2349111297
DOGEUSDT,LONG,2026-09-22T17:45:09.951000+00:00,2026-09-22T18:45:09.511000+00:00,60.0,SIGNAL_FLIP,0.09979,0.09962,1.6431,0.09989,0.09989,0.0,9665.0,962.83,0.3875,0.9665,0.016,0.9505,-0.3715,2349084808,2349111297,Direct Binance Execution (SIGNAL_FLIP) via Order 2349111297
DOGEUSDT,LONG,2026-09-22T17:45:09.951000+00:00,2026-09-22T18:45:09.511000+00:00,60.0,SIGNAL_FLIP,0.09979,0.09962,1.6431,0.09989,0.09989,0.0,9665.0,962.83,0.3872,0.9665,0.0141,0.9524,-0.3731,2349084808,2349111297,Direct Binance Execution (SIGNAL_FLIP) via Order 2349111297
DOGEUSDT,LONG,2026-09-22T17:45:09.951000+00:00,2026-09-22T18:45:09.511000+00:00,60.0,SIGNAL_FLIP,0.09979,0.09962,1.6431,0.09989,0.09989,0.0,9665.0,962.83,0.3873,0.9665,0.0146,0.9519,-0.3727,2349084808,2349111297,Direct Binance Execution (SIGNAL_FLIP) via Order 2349111297
DOGEUSDT,LONG,2026-09-22T17:45:09.951000+00:00,2026-09-22T18:45:09.511000+00:00,60.0,SIGNAL_FLIP,0.09979,0.09962,1.6431,0.09989,0.09989,0.0,9665.0,962.83,0.3873,0.9665,0.0146,0.9519,-0.3727,2349084808,2349111297,Direct Binance Execution (SIGNAL_FLIP) via Order 2349111297
DOGEUSDT,LONG,2026-09-22T17:45:09.951000+00:00,2026-09-22T18:45:09.511000+00:00,60.0,SIGNAL_FLIP,0.09979,0.09962,1.6431,0.09989,0.09989,0.0,9665.0,962.83,0.3874,0.9665,0.0151,0.9514,-0.3722,2349084808,2349111297,Direct Binance Execution (SIGNAL_FLIP) via Order 2349111297
DOGEUSDT,LONG,2026-09-22T17:45:09.951000+00:00,2026-09-22T18:45:09.511000+00:00,60.0,SIGNAL_FLIP,0.09979,0.09962,1.6431,0.09989,0.09989,0.0,9665.0,962.83,0.3874,0.9665,0.0157,0.9508,-0.3718,2349084808,2349111297,Direct Binance Execution (SIGNAL_FLIP) via Order 2349111297
DOGEUSDT,LONG,2026-09-22T17:45:09.951000+00:00,2026-09-22T18:45:09.511000+00:00,60.0,SIGNAL_FLIP,0.09979,0.09962,1.6431,0.09989,0.09989,0.0,9665.0,962.83,0.3874,0.9665,0.0151,0.9514,-0.3722,2349084808,2349111297,Direct Binance Execution (SIGNAL_FLIP) via Order 2349111297
DOGEUSDT,LONG,2026-09-22T17:45:09.951000+00:00,2026-09-22T18:45:09.511000+00:00,60.0,SIGNAL_FLIP,0.09979,0.09962,1.6431,0.09989,0.09989,0.0,9665.0,962.83,0.3872,0.9665,0.0138,0.9527,-0.3734,2349084808,2349111297,Direct Binance Execution (SIGNAL_FLIP) via Order 2349111297
DOGEUSDT,LONG,2026-09-22T17:45:09.951000+00:00,2026-09-22T18:45:09.511000+00:00,60.0,SIGNAL_FLIP,0.09979,0.09962,1.6431,0.09989,0.09989,0.0,9665.0,962.83,0.3875,0.9665,0.0162,0.9503,-0.3713,2349084808,2349111297,Direct Binance Execution (SIGNAL_FLIP) via Order 2349111297
DOGEUSDT,LONG,2026-09-22T17:45:09.951000+00:00,2026-09-22T18:45:09.511000+00:00,60.0,SIGNAL_FLIP,0.09979,0.09962,1.6431,0.09989,0.09989,0.0,9665.0,962.83,0.3872,0.9665,0.0143,0.9522,-0.3729,2349084808,2349111297,Direct Binance Execution (SIGNAL_FLIP) via Order 2349111297
DOGEUSDT,LONG,2026-09-22T17:45:09.951000+00:00,2026-09-22T18:45:09.511000+00:00,60.0,SIGNAL_FLIP,0.09979,0.09962,1.6431,0.09989,0.09989,0.0,9665.0,962.83,0.3873,0.9665,0.0149,0.9516,-0.3725,2349084808,2349111297,Direct Binance Execution (SIGNAL_FLIP) via Order 2349111297
DOGEUSDT,LONG,2026-09-22T17:45:09.951000+00:00,2026-09-22T18:45:09.511000+00:00,60.0,SIGNAL_FLIP,0.09979,0.09962,1.6431,0.09989,0.09989,0.0,9665.0,962.83,0.3872,0.9665,0.0143,0.9522,-0.3729,2349084808,2349111297,Direct Binance Execution (SIGNAL_FLIP) via Order 2349111297
BTCUSDT,SHORT,2026-09-22T20:45:09.280000+00:00,2026-09-23T00:21:16.087000+00:00,216.1,SIGNAL_FLIP,86280.0,86282.1,0.0237,86456.3,86456.3,-0.0,0.0113,974.99,0.7808,-1.9922,-1.9685,-0.0237,-2.7492,28598679473,28598942869,Direct Binance Execution (SIGNAL_FLIP) via Order 28598942869
DOGEUSDT,LONG,2026-09-22T19:00:10.856000+00:00,2026-09-23T01:24:20.091000+00:00,384.2,SIGNAL_FLIP,0.10005,0.09991,1.3657,0.10243,0.10243,0.0,9755.0,974.62,0.7917,23.2169,24.7142,-1.4973,23.9225,2349118487,2349297650,Direct Binance Execution (SIGNAL_FLIP) via Order 2349297650
SOLUSDT,LONG,2026-09-22T17:00:19.855000+00:00,2026-09-23T02:30:12.818000+00:00,569.9,SIGNAL_FLIP,117.45,117.45,0.0,118.42,118.42,0.0,0.01,1.17,0.3953,0.0097,8.0898,-8.0801,7.6945,4209315211,4209544213,Direct Binance Execution (SIGNAL_FLIP) via Order 4209544213
SOLUSDT,LONG,2026-09-23T03:51:41.532000+00:00,2026-09-23T07:36:08.062000+00:00,224.4,SIGNAL_FLIP,119.14,119.14,0.0,118.21,118.21,0.0,8.28,986.48,0.5888,-7.7004,-7.7004,-0.0,-8.2892,4209587746,4209737738,Direct Binance Execution (SIGNAL_FLIP) via Order 4209737738
BTCUSDT,LONG,2026-09-23T20:45:09.122000+00:00,2026-09-23T20:59:15.064000+00:00,14.1,SIGNAL_FLIP,84473.8,84371.9,1.182,84182.9,84182.9,0.0,0.0116,978.71,0.7821,-3.3744,-2.1924,-1.182,-2.9745,28600755955,28600774701,Direct Binance Execution (SIGNAL_FLIP) via Order 28600774701
DOGEUSDT,SHORT,2026-09-24T00:00:11.559000+00:00,2026-09-24T00:05:24.071000+00:00,5.2,SIGNAL_FLIP,0.09243,0.09267,2.5558,0.09284,0.09284,-0.0,10649.0,986.84,0.7902,-4.3661,-1.8103,-2.5558,-2.6005,2349976987,2349979903,Direct Binance Execution (SIGNAL_FLIP) via Order 2349979903
ETHUSDT,SHORT,2026-09-24T02:02:01.767000+00:00,2026-09-24T02:17:33.068000+00:00,15.5,SIGNAL_FLIP,2673.99,2673.99,-0.0,2688.0,2688.0,-0.0,0.367,981.35,0.5909,-5.1417,-5.1417,-0.0,-5.7325,16803913137,16803924624,Direct Binance Execution (SIGNAL_FLIP) via Order 16803924624
SOLUSDT,SHORT,2026-09-24T04:02:08.512000+00:00,2026-09-24T04:55:55.081000+00:00,53.8,SIGNAL_FLIP,114.66,114.66,-0.0,115.11,115.11,-0.0,0.86,98.61,0.4143,-0.387,-3.8565,3.4695,-4.2708,4210193753,4210215243,Direct Binance Execution (SIGNAL_FLIP) via Order 4210215243
ETHUSDT,SHORT,2026-09-24T03:30:10.654000+00:00,2026-09-24T05:02:43.099000+00:00,92.5,SIGNAL_FLIP,2675.71,2675.71,-0.0,2683.7,2683.7,-0.0,0.367,981.99,0.7868,-2.9323,-2.9323,0.0,-3.7191,16803985632,16804046333,Direct Binance Execution (SIGNAL_FLIP) via Order 16804046333
BTCUSDT,SHORT,2026-09-24T07:15:10.554000+00:00,2026-09-24T07:28:14.075000+00:00,13.1,SIGNAL_FLIP,84018.6,84018.6,-0.0,84168.2,84168.2,-0.0,0.0116,974.62,0.7804,-1.7354,-1.7354,0.0,-2.5157,28601463772,28601479468,Direct Binance Execution (SIGNAL_FLIP) via Order 28601479468
ETHUSDT,LONG,2026-09-24T23:30:35.998000+00:00,2026-09-25T02:46:09.051000+00:00,195.6,SIGNAL_FLIP,2691.33,2691.33,0.0,2682.31,2682.31,0.0,0.017,45.75,0.3997,-0.1533,-3.2833,3.1299,-3.683,16804815585,16804925724,Direct Binance Execution (SIGNAL_FLIP) via Order 16804925724
BTCUSDT,LONG,2026-09-24T23:45:15.685000+00:00,2026-09-25T03:00:20.058000+00:00,195.1,SIGNAL_FLIP,84387.4,84387.4,0.0,84179.3,84179.3,0.0,0.0005,42.19,0.399,-0.104,-2.414,2.3099,-2.813,28602314155,28602445706,Direct Binance Execution (SIGNAL_FLIP) via Order 28602445706
SOLUSDT,LONG,2026-09-24T23:45:19.529000+00:00,2026-09-25T03:46:01.066000+00:00,240.7,SIGNAL_FLIP,117.02,117.02,0.0,116.52,116.52,0.0,8.38,980.63,0.5867,-4.19,-4.19,0.0,-4.7767,4210637705,4210727281,Direct Binance Execution (SIGNAL_FLIP) via Order 4210727281
DOGEUSDT,LONG,2026-09-25T16:21:59.298000+00:00,2026-09-25T17:30:08.832000+00:00,68.2,SIGNAL_FLIP,0.09795,0.09795,0.0,0.09702,0.09702,0.0,6748.0,660.97,0.5197,-6.2756,-9.287,3.0113,-9.8067,2351144161,2351178563,Direct Binance Execution (SIGNAL_FLIP) via Order 2351178563
ETHUSDT,LONG,2026-09-25T19:15:36.572000+00:00,2026-09-25T20:55:05.044000+00:00,99.5,SIGNAL_FLIP,2694.85,2694.85,0.0,2685.32,2685.32,0.0,0.006,16.17,0.3921,-0.0572,-3.4499,3.3927,-3.8419,16805492827,16805545411,Direct Binance Execution (SIGNAL_FLIP) via Order 16805545411
ETHUSDT,LONG,2026-09-25T23:16:17.954000+00:00,2026-09-26T00:31:32.046000+00:00,75.2,SIGNAL_FLIP,2692.71,2692.71,0.0,2685.69,2685.69,0.0,0.311,837.43,0.5564,-2.1832,-2.5412,0.358,-3.0976,16805617085,16805653700,Direct Binance Execution (SIGNAL_FLIP) via Order 16805653700
SOLUSDT,LONG,2026-09-25T22:33:10.779000+00:00,2026-09-26T01:30:12.652000+00:00,177.0,SIGNAL_FLIP,121.69,121.69,0.0,121.54,121.54,0.0,7.19,874.95,0.5644,-1.0785,-1.2015,0.123,-1.7659,4211161208,4211216837,Direct Binance Execution (SIGNAL_FLIP) via Order 4211216837
SOLUSDT,LONG,2026-09-26T01:49:05.894000+00:00,2026-09-26T03:00:05.048000+00:00,71.0,SIGNAL_FLIP,122.06,122.06,0.0,121.52,121.52,0.0,0.06,7.32,0.3894,-0.0324,-4.3092,4.2768,-4.6986,4211222261,4211250432,Direct Binance Execution (SIGNAL_FLIP) via Order 4211250432
ETHUSDT,LONG,2026-09-26T01:45:34.500000+00:00,2026-09-26T03:10:53.059000+00:00,85.3,SIGNAL_FLIP,2693.46,2693.46,0.0,2688.51,2688.51,0.0,0.057,153.53,0.0372,-0.2821,-0.0297,-0.2524,-0.0669,16805691659,16805736775,Direct Binance Execution (SIGNAL_FLIP) via Order 16805736775
ETHUSDT,LONG,2026-09-26T01:45:34.500000+00:00,2026-09-26T03:10:53.059000+00:00,85.3,SIGNAL_FLIP,2693.46,2693.46,0.0,2688.51,2688.51,0.0,0.057,153.53,0.0468,-0.2821,-0.0742,-0.2079,-0.1211,16805691659,16805736775,Direct Binance Execution (SIGNAL_FLIP) via Order 16805736775
ETHUSDT,LONG,2026-09-26T01:45:34.500000+00:00,2026-09-26T03:10:53.059000+00:00,85.3,SIGNAL_FLIP,2693.46,2693.46,0.0,2688.51,2688.51,0.0,0.057,153.53,0.3963,-0.2821,-1.683,1.4009,-2.0793,16805691659,16805736775,Direct Binance Execution (SIGNAL_FLIP) via Order 16805736775
XRPUSDT,LONG,2026-09-26T01:15:13.592000+00:00,2026-09-26T03:11:08.079000+00:00,115.9,SIGNAL_FLIP,1.5683,1.5672,0.6837,1.5607,1.5607,0.0,621.5,974.01,0.7776,-4.7234,-4.0397,-0.6837,-4.8173,3509421544,3509466358,Direct Binance Execution (SIGNAL_FLIP) via Order 3509466358
BTCUSDT,SHORT,2026-09-26T04:00:11.538000+00:00,2026-09-26T07:51:22.045000+00:00,231.2,SIGNAL_FLIP,83911.0,83911.6,0.0069,84039.1,84039.1,-0.0,0.0115,964.98,0.7726,-1.4732,-1.4663,-0.0069,-2.2388,28603487994,28603660652,Direct Binance Execution (SIGNAL_FLIP) via Order 28603660652
SOLUSDT,LONG,2026-09-26T08:45:34.276000+00:00,2026-09-26T09:12:23.057000+00:00,26.8,SIGNAL_FLIP,121.1,121.1,0.0,120.35,120.35,0.0,8.01,970.01,0.5796,-6.0075,-6.0075,0.0,-6.5871,4211393866,4211404363,Direct Binance Execution (SIGNAL_FLIP) via Order 4211404363
ETHUSDT,LONG,2026-09-26T07:45:12.444000+00:00,2026-09-26T09:13:14.046000+00:00,88.0,SIGNAL_FLIP,2688.39,2688.39,0.0,2683.64,2683.64,0.0,0.362,973.2,0.7779,-1.7195,-1.7195,0.0,-2.4974,16805913866,16805985501,Direct Binance Execution (SIGNAL_FLIP) via Order 16805985501
DOGEUSDT,LONG,2026-09-26T11:01:09.325000+00:00,2026-09-26T12:28:06.050000+00:00,86.9,SIGNAL_FLIP,0.09804,0.09804,0.0,0.09728,0.09728,0.0,9890.0,969.62,0.5788,-7.5164,-7.5164,0.0,-8.0952,2351679329,2351719330,Direct Binance Execution (SIGNAL_FLIP) via Order 2351719330
ETHUSDT,LONG,2026-09-26T11:49:08.271000+00:00,2026-09-26T13:27:31.055000+00:00,98.4,SIGNAL_FLIP,2688.94,2688.94,0.0,2682.62,2682.62,0.0,0.23,618.46,0.51,-1.4536,-2.2752,0.8216,-2.7852,16806090998,16806164479,Direct Binance Execution (SIGNAL_FLIP) via Order 16806164479
DOGEUSDT,LONG,2026-09-26T15:00:26.377000+00:00,2026-09-26T18:30:08.787000+00:00,209.7,SIGNAL_FLIP,0.09778,0.09778,0.0,0.0975,0.0975,0.0,8923.0,872.49,0.5602,-2.4984,-2.7689,0.2705,-3.3291,2351792224,2351890058,Direct Binance Execution (SIGNAL_FLIP) via Order 2351890058
BTCUSDT,LONG,2026-09-26T16:00:08.895000+00:00,2026-09-26T19:00:08.251000+00:00,180.0,SIGNAL_FLIP,84105.4,84105.4,0.0,83973.5,83973.5,0.0,0.0114,958.8,0.7664,-1.5037,-1.5037,0.0,-2.2701,28604586648,28604772454,Direct Binance Execution (SIGNAL_FLIP) via Order 28604772454
SOLUSDT,LONG,2026-09-26T11:30:13.014000+00:00,2026-09-26T19:00:16.831000+00:00,450.1,SIGNAL_FLIP,120.6,120.6,0.0,121.02,121.02,0.0,8.04,969.62,0.3903,3.3768,0.021,3.3558,-0.3693,4211489625,4211663746,Direct Binance Execution (SIGNAL_FLIP) via Order 4211663746
SOLUSDT,LONG,2026-09-26T11:30:13.014000+00:00,2026-09-26T19:00:16.831000+00:00,450.1,SIGNAL_FLIP,120.6,120.6,0.0,120.82,120.82,0.0,8.04,969.62,0.774,1.7688,1.7578,0.011,0.9838,4211489625,4211663746,Direct Binance Execution (SIGNAL_FLIP) via Order 4211663746
SOLUSDT,LONG,2026-09-26T22:00:11.617000+00:00,2026-09-27T00:45:11.471000+00:00,165.0,SIGNAL_FLIP,121.25,121.25,0.0,120.95,120.95,0.0,7.98,967.58,0.7731,-2.394,-2.394,0.0,-3.1671,4211732568,4211799458,Direct Binance Execution (SIGNAL_FLIP) via Order 4211799458
BTCUSDT,LONG,2026-09-26T21:30:10.040000+00:00,2026-09-27T01:51:50.044000+00:00,261.7,SIGNAL_FLIP,84091.0,84091.0,0.0,84415.5,84415.5,0.0,0.0029,243.86,0.4337,0.941,3.6993,-2.7583,3.2656,28604916095,28605170397,Direct Binance Execution (SIGNAL_FLIP) via Order 28605170397
ETHUSDT,LONG,2026-09-26T22:15:21.957000+00:00,2026-09-27T01:51:55.076000+00:00,216.6,SIGNAL_FLIP,2688.19,2688.19,0.0,2697.33,2697.33,0.0,0.36,967.75,0.582,3.2904,3.2904,-0.0,2.7084,16806549300,16806689576,Direct Binance Execution (SIGNAL_FLIP) via Order 16806689576
SOLUSDT,LONG,2026-09-27T02:15:13.576000+00:00,2026-09-27T02:57:56.047000+00:00,42.7,SIGNAL_FLIP,121.44,121.44,0.0,121.04,121.04,0.0,7.96,966.66,0.7721,-3.184,-3.184,0.0,-3.9561,4211834424,4211851540,Direct Binance Execution (SIGNAL_FLIP) via Order 4211851540
XRPUSDT,SHORT,2026-09-27T03:02:50.154000+00:00,2026-09-27T04:37:52.055000+00:00,95.0,SIGNAL_FLIP,1.5199,1.5199,-0.0,1.5078,1.5078,-0.0,635.7,966.2,0.5766,7.692,7.692,-0.0,7.1153,3510055263,3510096094,Direct Binance Execution (SIGNAL_FLIP) via Order 3510096094
