symbol,incomeType,income,asset,time,datetime_utc,info
ETHUSDT,COMMISSION,-0.39995841,USDT,1789257614000,2026-09-13T00:00:14+00:00,326411150
XRPUSDT,COMMISSION,-0.1999931,USDT,1789257622000,2026-09-13T00:00:22+00:00,160091432
ETHUSDT,COMMISSION,-0.00656502,USDT,1789258512000,2026-09-13T00:15:12+00:00,326414478
ETHUSDT,COMMISSION,-0.00808003,USDT,1789258513000,2026-09-13T00:15:13+00:00,326414479
ETHUSDT,COMMISSION,-0.00555502,USDT,1789258513000,2026-09-13T00:15:13+00:00,326414480
ETHUSDT,COMMISSION,-0.00454501,USDT,1789258513000,2026-09-13T00:15:13+00:00,326414481
ETHUSDT,COMMISSION,-0.00707002,USDT,1789258515000,2026-09-13T00:15:15+00:00,326414482
ETHUSDT,COMMISSION,-0.00555502,USDT,1789258515000,2026-09-13T00:15:15+00:00,326414483
ETHUSDT,COMMISSION,-0.00757503,USDT,1789258516000,2026-09-13T00:15:16+00:00,326414484
ETHUSDT,COMMISSION,-0.00404001,USDT,1789258517000,2026-09-13T00:15:17+00:00,326414485
ETHUSDT,COMMISSION,-0.00555502,USDT,1789258517000,2026-09-13T00:15:17+00:00,326414486
ETHUSDT,COMMISSION,-0.00404001,USDT,1789258517000,2026-09-13T00:15:17+00:00,326414487
ETHUSDT,REALIZED_PNL,-2.14415437,USDT,1789268451000,2026-09-13T03:00:51+00:00,326446950
ETHUSDT,COMMISSION,-0.39910147,USDT,1789268451000,2026-09-13T03:00:51+00:00,326446950
SOLUSDT,COMMISSION,-0.2967012,USDT,1789272914000,2026-09-13T04:15:14+00:00,92053070
SOLUSDT,REALIZED_PNL,-2.19,USDT,1789272973000,2026-09-13T04:16:13+00:00,92053166
SOLUSDT,COMMISSION,-0.2975772,USDT,1789272973000,2026-09-13T04:16:13+00:00,92053166
XRPUSDT,REALIZED_PNL,-3.07524,USDT,1789282446000,2026-09-13T06:54:06+00:00,160167988
XRPUSDT,COMMISSION,-0.39875612,USDT,1789282446000,2026-09-13T06:54:06+00:00,160167988
ETHUSDT,FUNDING_FEE,-0.02919279,USDT,1789286400000,2026-09-13T08:00:00+00:00,FUNDING_FEE
ETHUSDT,FUNDING_FEE,-0.01910325,USDT,1789315200000,2026-09-13T16:00:00+00:00,FUNDING_FEE
ETHUSDT,REALIZED_PNL,-5.25416562,USDT,1789338623000,2026-09-13T22:30:23+00:00,326714245
ETHUSDT,COMMISSION,-0.11505808,USDT,1789338623000,2026-09-13T22:30:23+00:00,326714245
DOGEUSDT,COMMISSION,-0.39917394,USDT,1789388111000,2026-09-14T12:15:11+00:00,146617453
DOGEUSDT,REALIZED_PNL,0.59295,USDT,1789389911000,2026-09-14T12:45:11+00:00,146626511
DOGEUSDT,COMMISSION,-0.39893676,USDT,1789389911000,2026-09-14T12:45:11+00:00,146626511
SOLUSDT,COMMISSION,-0.19923444,USDT,1789392648000,2026-09-14T13:30:48+00:00,92308063
DOGEUSDT,COMMISSION,-0.1993942,USDT,1789393646000,2026-09-14T13:47:26+00:00,146651467
SOLUSDT,REALIZED_PNL,-3.8337,USDT,1789398913000,2026-09-14T15:15:13+00:00,92322298
SOLUSDT,COMMISSION,-0.40000236,USDT,1789398913000,2026-09-14T15:15:13+00:00,92322298
DOGEUSDT,FUNDING_FEE,0.09958763,USDT,1789401600000,2026-09-14T16:00:00+00:00,FUNDING_FEE
DOGEUSDT,REALIZED_PNL,-2.01552,USDT,1789403410000,2026-09-14T16:30:10+00:00,146713781
DOGEUSDT,COMMISSION,-0.39959462,USDT,1789403410000,2026-09-14T16:30:10+00:00,146713781
BTCUSDT,COMMISSION,-0.39815092,USDT,1789498810000,2026-09-15T19:00:10+00:00,537988085
BTCUSDT,REALIZED_PNL,-10.6765,USDT,1789499157000,2026-09-15T19:05:57+00:00,537989343
BTCUSDT,COMMISSION,-0.40242152,USDT,1789499157000,2026-09-15T19:05:57+00:00,537989343
SOLUSDT,COMMISSION,-0.15275124,USDT,1789539313000,2026-09-16T06:15:13+00:00,92642101
SOLUSDT,COMMISSION,-0.17607204,USDT,1789539313000,2026-09-16T06:15:13+00:00,92642102
SOLUSDT,COMMISSION,-0.00233207,USDT,1789539313000,2026-09-16T06:15:13+00:00,92642103
SOLUSDT,COMMISSION,-0.00233207,USDT,1789539313000,2026-09-16T06:15:13+00:00,92642104
SOLUSDT,COMMISSION,-0.0038868,USDT,1789539313000,2026-09-16T06:15:13+00:00,92642105
SOLUSDT,COMMISSION,-0.00272048,USDT,1789539313000,2026-09-16T06:15:13+00:00,92642106
SOLUSDT,COMMISSION,-0.0038864,USDT,1789539313000,2026-09-16T06:15:13+00:00,92642107
SOLUSDT,COMMISSION,-0.00233184,USDT,1789539313000,2026-09-16T06:15:13+00:00,92642108
SOLUSDT,COMMISSION,-0.00349776,USDT,1789539313000,2026-09-16T06:15:13+00:00,92642109
SOLUSDT,COMMISSION,-0.00233184,USDT,1789539313000,2026-09-16T06:15:13+00:00,92642110
SOLUSDT,COMMISSION,-0.0038864,USDT,1789539313000,2026-09-16T06:15:13+00:00,92642111
SOLUSDT,COMMISSION,-0.02175488,USDT,1789539313000,2026-09-16T06:15:13+00:00,92642112
SOLUSDT,COMMISSION,-0.0019418,USDT,1789539315000,2026-09-16T06:15:15+00:00,92642113
SOLUSDT,COMMISSION,-0.00271852,USDT,1789539315000,2026-09-16T06:15:15+00:00,92642114
SOLUSDT,COMMISSION,-0.00213598,USDT,1789539315000,2026-09-16T06:15:15+00:00,92642115
SOLUSDT,COMMISSION,-0.00310688,USDT,1789539316000,2026-09-16T06:15:16+00:00,92642116
SOLUSDT,REALIZED_PNL,-0.00291583,USDT,1789540212000,2026-09-16T06:30:12+00:00,92643746
SOLUSDT,COMMISSION,-0.00116712,USDT,1789540212000,2026-09-16T06:30:12+00:00,92643746
SOLUSDT,REALIZED_PNL,-0.18175376,USDT,1789540212000,2026-09-16T06:30:12+00:00,92643747
SOLUSDT,COMMISSION,-0.07275048,USDT,1789540212000,2026-09-16T06:30:12+00:00,92643747
SOLUSDT,REALIZED_PNL,-0.00583167,USDT,1789540212000,2026-09-16T06:30:12+00:00,92643748
SOLUSDT,COMMISSION,-0.00233424,USDT,1789540212000,2026-09-16T06:30:12+00:00,92643748
SOLUSDT,REALIZED_PNL,-0.88649872,USDT,1789540212000,2026-09-16T06:30:12+00:00,92643749
SOLUSDT,COMMISSION,-0.32176916,USDT,1789540212000,2026-09-16T06:30:12+00:00,92643749
SOLUSDT,COMMISSION,-0.0019398,USDT,1789541117000,2026-09-16T06:45:17+00:00,92645404
SOLUSDT,COMMISSION,-0.00116388,USDT,1789541117000,2026-09-16T06:45:17+00:00,92645405
SOLUSDT,COMMISSION,-0.0019398,USDT,1789541119000,2026-09-16T06:45:19+00:00,92645407
SOLUSDT,COMMISSION,-0.00155184,USDT,1789541119000,2026-09-16T06:45:19+00:00,92645408
SOLUSDT,COMMISSION,-0.00116388,USDT,1789541119000,2026-09-16T06:45:19+00:00,92645409
SOLUSDT,COMMISSION,-0.00252174,USDT,1789541119000,2026-09-16T06:45:19+00:00,92645410
SOLUSDT,COMMISSION,-0.1881606,USDT,1789541122000,2026-09-16T06:45:22+00:00,92645411
SOLUSDT,REALIZED_PNL,-3.1713,USDT,1789542008000,2026-09-16T07:00:08+00:00,92647264
SOLUSDT,COMMISSION,-0.3981516,USDT,1789542008000,2026-09-16T07:00:08+00:00,92647264
DOGEUSDT,COMMISSION,-0.39801656,USDT,1789542009000,2026-09-16T07:00:09+00:00,147468349
ETHUSDT,COMMISSION,-0.53002894,USDT,1789542013000,2026-09-16T07:00:13+00:00,327687132
ETHUSDT,REALIZED_PNL,-0.98629,USDT,1789542079000,2026-09-16T07:01:19+00:00,327687497
ETHUSDT,COMMISSION,-0.53042345,USDT,1789542079000,2026-09-16T07:01:19+00:00,327687497
DOGEUSDT,REALIZED_PNL,-1.73698,USDT,1789542212000,2026-09-16T07:03:32+00:00,147469680
DOGEUSDT,COMMISSION,-0.39871135,USDT,1789542212000,2026-09-16T07:03:32+00:00,147469680
DOGEUSDT,COMMISSION,-0.39649443,USDT,1789542910000,2026-09-16T07:15:10+00:00,147474728
ETHUSDT,COMMISSION,-0.1982243,USDT,1789544391000,2026-09-16T07:39:51+00:00,327700031
ETHUSDT,FUNDING_FEE,0.07087215,USDT,1789545600000,2026-09-16T08:00:00+00:00,FUNDING_FEE
DOGEUSDT,FUNDING_FEE,0.09868988,USDT,1789545600000,2026-09-16T08:00:00+00:00,FUNDING_FEE
BTCUSDT,COMMISSION,-0.19701006,USDT,1789545920000,2026-09-16T08:05:20+00:00,538153766
ETHUSDT,REALIZED_PNL,-1.47854,USDT,1789551911000,2026-09-16T09:45:11+00:00,327731093
ETHUSDT,COMMISSION,-0.39704002,USDT,1789551911000,2026-09-16T09:45:11+00:00,327731093
BTCUSDT,REALIZED_PNL,-2.9003,USDT,1789552951000,2026-09-16T10:02:31+00:00,538178970
BTCUSDT,COMMISSION,-0.39518024,USDT,1789552951000,2026-09-16T10:02:31+00:00,538178970
DOGEUSDT,REALIZED_PNL,1.2392,USDT,1789557309000,2026-09-16T11:15:09+00:00,147545150
DOGEUSDT,COMMISSION,-0.39599875,USDT,1789557309000,2026-09-16T11:15:09+00:00,147545150
DOGEUSDT,COMMISSION,-0.39613758,USDT,1789563610000,2026-09-16T13:00:10+00:00,147583931
BTCUSDT,COMMISSION,-0.39392236,USDT,1789566310000,2026-09-16T13:45:10+00:00,538229040
ETHUSDT,COMMISSION,-0.08057952,USDT,1789566315000,2026-09-16T13:45:15+00:00,327800296
ETHUSDT,COMMISSION,-0.12374505,USDT,1789566316000,2026-09-16T13:45:16+00:00,327800298
ETHUSDT,COMMISSION,-0.03405387,USDT,1789566324000,2026-09-16T13:45:24+00:00,327800306
ETHUSDT,REALIZED_PNL,2.08901,USDT,1789567212000,2026-09-16T14:00:12+00:00,327804253
ETHUSDT,COMMISSION,-0.39534177,USDT,1789567212000,2026-09-16T14:00:12+00:00,327804253
BTCUSDT,FUNDING_FEE,0.09852464,USDT,1789574400000,2026-09-16T16:00:00+00:00,FUNDING_FEE
DOGEUSDT,FUNDING_FEE,0.0986473,USDT,1789574400000,2026-09-16T16:00:00+00:00,FUNDING_FEE
DOGEUSDT,REALIZED_PNL,-8.36629,USDT,1789581968000,2026-09-16T18:06:08+00:00,147704022
DOGEUSDT,COMMISSION,-0.3994841,USDT,1789581968000,2026-09-16T18:06:08+00:00,147704022
BTCUSDT,REALIZED_PNL,-4.4941,USDT,1789582237000,2026-09-16T18:10:37+00:00,538290512
BTCUSDT,COMMISSION,-0.39572,USDT,1789582237000,2026-09-16T18:10:37+00:00,538290512
BTCUSDT,COMMISSION,-0.3944044,USDT,1789587909000,2026-09-16T19:45:09+00:00,538318535
BTCUSDT,REALIZED_PNL,-1.7602,USDT,1789588003000,2026-09-16T19:46:43+00:00,538319064
BTCUSDT,COMMISSION,-0.39510848,USDT,1789588003000,2026-09-16T19:46:43+00:00,538319064
BTCUSDT,COMMISSION,-0.06058088,USDT,1789598708000,2026-09-16T22:45:08+00:00,538357871
BTCUSDT,COMMISSION,-0.33319484,USDT,1789598708000,2026-09-16T22:45:08+00:00,538357872
SOLUSDT,COMMISSION,-0.3948674,USDT,1789599618000,2026-09-16T23:00:18+00:00,92786059
ETHUSDT,COMMISSION,-0.19748972,USDT,1789600166000,2026-09-16T23:09:26+00:00,327968795
SOLUSDT,REALIZED_PNL,-2.5325,USDT,1789600512000,2026-09-16T23:15:12+00:00,92788047
SOLUSDT,COMMISSION,-0.3958804,USDT,1789600512000,2026-09-16T23:15:12+00:00,92788047
SOLUSDT,COMMISSION,-0.0253994,USDT,1789600517000,2026-09-16T23:15:17+00:00,92788061
SOLUSDT,COMMISSION,-0.16450996,USDT,1789600517000,2026-09-16T23:15:17+00:00,92788062
SOLUSDT,COMMISSION,-0.15977176,USDT,1789600517000,2026-09-16T23:15:17+00:00,92788063
SOLUSDT,COMMISSION,-0.0042944,USDT,1789600517000,2026-09-16T23:15:17+00:00,92788064
SOLUSDT,COMMISSION,-0.04134423,USDT,1789600517000,2026-09-16T23:15:17+00:00,92788065
ETHUSDT,REALIZED_PNL,-5.26124,USDT,1789600856000,2026-09-16T23:20:56+00:00,327972765
ETHUSDT,COMMISSION,-0.39708395,USDT,1789600856000,2026-09-16T23:20:56+00:00,327972765
SOLUSDT,REALIZED_PNL,-7.0026,USDT,1789601006000,2026-09-16T23:23:26+00:00,92789152
SOLUSDT,COMMISSION,-0.3981208,USDT,1789601006000,2026-09-16T23:23:26+00:00,92789152
BTCUSDT,REALIZED_PNL,-4.771,USDT,1789602011000,2026-09-16T23:40:11+00:00,538368486
BTCUSDT,COMMISSION,-0.39568412,USDT,1789602011000,2026-09-16T23:40:11+00:00,538368486
XRPUSDT,COMMISSION,-0.00108763,USDT,1789623920000,2026-09-17T05:45:20+00:00,161865222
XRPUSDT,COMMISSION,-0.00119121,USDT,1789623920000,2026-09-17T05:45:20+00:00,161865223
XRPUSDT,COMMISSION,-0.00108763,USDT,1789623921000,2026-09-17T05:45:21+00:00,161865224
XRPUSDT,COMMISSION,-0.00121711,USDT,1789623921000,2026-09-17T05:45:21+00:00,161865225
XRPUSDT,COMMISSION,-0.19194115,USDT,1789623921000,2026-09-17T05:45:21+00:00,161865226
XRPUSDT,REALIZED_PNL,-5.23641,USDT,1789627512000,2026-09-17T06:45:12+00:00,161884293
XRPUSDT,COMMISSION,-0.39514405,USDT,1789627512000,2026-09-17T06:45:12+00:00,161884293
BTCUSDT,COMMISSION,-0.0213722,USDT,1789641920000,2026-09-17T10:45:20+00:00,538502791
BTCUSDT,COMMISSION,-0.1740308,USDT,1789641922000,2026-09-17T10:45:22+00:00,538502837
BTCUSDT,REALIZED_PNL,-3.4496,USDT,1789647135000,2026-09-17T12:12:15+00:00,538522441
BTCUSDT,COMMISSION,-0.39218585,USDT,1789647135000,2026-09-17T12:12:15+00:00,538522441
BTCUSDT,COMMISSION,-0.39124172,USDT,1789659015000,2026-09-17T15:30:15+00:00,538568871
BTCUSDT,REALIZED_PNL,-3.36896,USDT,1789659639000,2026-09-17T15:40:39+00:00,538571502
BTCUSDT,COMMISSION,-0.39258931,USDT,1789659639000,2026-09-17T15:40:39+00:00,538571502
XRPUSDT,COMMISSION,-0.39194584,USDT,1789668014000,2026-09-17T18:00:14+00:00,162089817
SOLUSDT,COMMISSION,-0.00182322,USDT,1789677021000,2026-09-17T20:30:21+00:00,92956359
SOLUSDT,COMMISSION,-0.0020258,USDT,1789677021000,2026-09-17T20:30:21+00:00,92956360
SOLUSDT,COMMISSION,-0.0010129,USDT,1789677024000,2026-09-17T20:30:24+00:00,92956361
SOLUSDT,COMMISSION,-0.00182322,USDT,1789677024000,2026-09-17T20:30:24+00:00,92956362
SOLUSDT,COMMISSION,-0.00162064,USDT,1789677024000,2026-09-17T20:30:24+00:00,92956363
SOLUSDT,COMMISSION,-0.00222838,USDT,1789677024000,2026-09-17T20:30:24+00:00,92956364
SOLUSDT,COMMISSION,-0.00141806,USDT,1789677026000,2026-09-17T20:30:26+00:00,92956365
SOLUSDT,COMMISSION,-0.00121547,USDT,1789677027000,2026-09-17T20:30:27+00:00,92956366
SOLUSDT,COMMISSION,-0.00162064,USDT,1789677027000,2026-09-17T20:30:27+00:00,92956367
SOLUSDT,COMMISSION,-0.0010129,USDT,1789677027000,2026-09-17T20:30:27+00:00,92956368
SOLUSDT,COMMISSION,-0.00162064,USDT,1789677029000,2026-09-17T20:30:29+00:00,92956369
SOLUSDT,COMMISSION,-0.00121547,USDT,1789677029000,2026-09-17T20:30:29+00:00,92956370
SOLUSDT,COMMISSION,-0.00222838,USDT,1789677029000,2026-09-17T20:30:29+00:00,92956371
SOLUSDT,COMMISSION,-0.00182322,USDT,1789677030000,2026-09-17T20:30:30+00:00,92956372
SOLUSDT,COMMISSION,-0.0830578,USDT,1789677031000,2026-09-17T20:30:31+00:00,92956373
SOLUSDT,COMMISSION,-0.0020258,USDT,1789677032000,2026-09-17T20:30:32+00:00,92956374
SOLUSDT,COMMISSION,-0.00182322,USDT,1789677032000,2026-09-17T20:30:32+00:00,92956375
SOLUSDT,COMMISSION,-0.00243095,USDT,1789677032000,2026-09-17T20:30:32+00:00,92956376
SOLUSDT,COMMISSION,-0.0020258,USDT,1789677033000,2026-09-17T20:30:33+00:00,92956380
SOLUSDT,COMMISSION,-0.0010129,USDT,1789677034000,2026-09-17T20:30:34+00:00,92956381
SOLUSDT,COMMISSION,-0.00243095,USDT,1789677034000,2026-09-17T20:30:34+00:00,92956382
SOLUSDT,COMMISSION,-0.00182322,USDT,1789677034000,2026-09-17T20:30:34+00:00,92956383
SOLUSDT,COMMISSION,-0.00162064,USDT,1789677035000,2026-09-17T20:30:35+00:00,92956384
SOLUSDT,COMMISSION,-0.0010129,USDT,1789677036000,2026-09-17T20:30:36+00:00,92956385
SOLUSDT,COMMISSION,-0.00121547,USDT,1789677036000,2026-09-17T20:30:36+00:00,92956386
SOLUSDT,COMMISSION,-0.00182322,USDT,1789677037000,2026-09-17T20:30:37+00:00,92956387
SOLUSDT,COMMISSION,-0.00162064,USDT,1789677037000,2026-09-17T20:30:37+00:00,92956388
SOLUSDT,COMMISSION,-0.0010129,USDT,1789677038000,2026-09-17T20:30:38+00:00,92956389
SOLUSDT,COMMISSION,-0.0010129,USDT,1789677038000,2026-09-17T20:30:38+00:00,92956390
SOLUSDT,COMMISSION,-0.0020258,USDT,1789677039000,2026-09-17T20:30:39+00:00,92956391
SOLUSDT,COMMISSION,-0.00162064,USDT,1789677040000,2026-09-17T20:30:40+00:00,92956392
SOLUSDT,COMMISSION,-0.00222838,USDT,1789677040000,2026-09-17T20:30:40+00:00,92956393
SOLUSDT,COMMISSION,-0.0020258,USDT,1789677040000,2026-09-17T20:30:40+00:00,92956394
SOLUSDT,COMMISSION,-0.00182322,USDT,1789677041000,2026-09-17T20:30:41+00:00,92956395
SOLUSDT,COMMISSION,-0.00121547,USDT,1789677042000,2026-09-17T20:30:42+00:00,92956396
SOLUSDT,COMMISSION,-0.00162064,USDT,1789677042000,2026-09-17T20:30:42+00:00,92956397
SOLUSDT,COMMISSION,-0.00121547,USDT,1789677043000,2026-09-17T20:30:43+00:00,92956398
SOLUSDT,COMMISSION,-0.00182322,USDT,1789677043000,2026-09-17T20:30:43+00:00,92956399
SOLUSDT,COMMISSION,-0.0020258,USDT,1789677043000,2026-09-17T20:30:43+00:00,92956400
SOLUSDT,COMMISSION,-0.0010129,USDT,1789677045000,2026-09-17T20:30:45+00:00,92956401
SOLUSDT,COMMISSION,-0.0020258,USDT,1789677045000,2026-09-17T20:30:45+00:00,92956402
SOLUSDT,COMMISSION,-0.00162064,USDT,1789677045000,2026-09-17T20:30:45+00:00,92956403
SOLUSDT,COMMISSION,-0.00141806,USDT,1789677045000,2026-09-17T20:30:45+00:00,92956404
SOLUSDT,COMMISSION,-0.0020258,USDT,1789677048000,2026-09-17T20:30:48+00:00,92956406
SOLUSDT,COMMISSION,-0.00141806,USDT,1789677048000,2026-09-17T20:30:48+00:00,92956407
SOLUSDT,COMMISSION,-0.00141806,USDT,1789677049000,2026-09-17T20:30:49+00:00,92956408
SOLUSDT,COMMISSION,-0.00121547,USDT,1789677050000,2026-09-17T20:30:50+00:00,92956409
SOLUSDT,COMMISSION,-0.00283612,USDT,1789677050000,2026-09-17T20:30:50+00:00,92956410
SOLUSDT,COMMISSION,-0.00162064,USDT,1789677050000,2026-09-17T20:30:50+00:00,92956411
SOLUSDT,COMMISSION,-0.00222838,USDT,1789677050000,2026-09-17T20:30:50+00:00,92956412
SOLUSDT,COMMISSION,-0.00121547,USDT,1789677053000,2026-09-17T20:30:53+00:00,92956413
SOLUSDT,COMMISSION,-0.0020258,USDT,1789677053000,2026-09-17T20:30:53+00:00,92956414
SOLUSDT,COMMISSION,-0.00182322,USDT,1789677053000,2026-09-17T20:30:53+00:00,92956415
SOLUSDT,COMMISSION,-0.00162064,USDT,1789677053000,2026-09-17T20:30:53+00:00,92956416
SOLUSDT,COMMISSION,-0.00141806,USDT,1789677054000,2026-09-17T20:30:54+00:00,92956417
SOLUSDT,COMMISSION,-0.00162064,USDT,1789677055000,2026-09-17T20:30:55+00:00,92956418
SOLUSDT,COMMISSION,-0.00121547,USDT,1789677055000,2026-09-17T20:30:55+00:00,92956419
SOLUSDT,COMMISSION,-0.00162064,USDT,1789677055000,2026-09-17T20:30:55+00:00,92956420
SOLUSDT,COMMISSION,-0.00182322,USDT,1789677057000,2026-09-17T20:30:57+00:00,92956421
SOLUSDT,COMMISSION,-0.00162064,USDT,1789677057000,2026-09-17T20:30:57+00:00,92956422
SOLUSDT,COMMISSION,-0.00182322,USDT,1789677058000,2026-09-17T20:30:58+00:00,92956423
SOLUSDT,COMMISSION,-0.0020258,USDT,1789677060000,2026-09-17T20:31:00+00:00,92956424
SOLUSDT,COMMISSION,-0.00141806,USDT,1789677060000,2026-09-17T20:31:00+00:00,92956425
SOLUSDT,COMMISSION,-0.0010129,USDT,1789677061000,2026-09-17T20:31:01+00:00,92956426
SOLUSDT,COMMISSION,-0.00243095,USDT,1789677061000,2026-09-17T20:31:01+00:00,92956427
SOLUSDT,COMMISSION,-0.0010129,USDT,1789677063000,2026-09-17T20:31:03+00:00,92956428
SOLUSDT,COMMISSION,-0.00182322,USDT,1789677063000,2026-09-17T20:31:03+00:00,92956429
SOLUSDT,COMMISSION,-0.00141806,USDT,1789677063000,2026-09-17T20:31:03+00:00,92956430
SOLUSDT,COMMISSION,-0.00121547,USDT,1789677064000,2026-09-17T20:31:04+00:00,92956431
SOLUSDT,COMMISSION,-0.00060773,USDT,1789677066000,2026-09-17T20:31:06+00:00,92956433
SOLUSDT,REALIZED_PNL,-4.9317,USDT,1789684213000,2026-09-17T22:30:13+00:00,92970593
SOLUSDT,COMMISSION,-0.38981704,USDT,1789684213000,2026-09-17T22:30:13+00:00,92970593
SOLUSDT,COMMISSION,-0.391404,USDT,1789685114000,2026-09-17T22:45:14+00:00,92972530
XRPUSDT,FUNDING_FEE,0.00154294,USDT,1789689600000,2026-09-18T00:00:00+00:00,FUNDING_FEE
SOLUSDT,FUNDING_FEE,-0.09803572,USDT,1789689600000,2026-09-18T00:00:00+00:00,FUNDING_FEE
DOGEUSDT,COMMISSION,-0.39066816,USDT,1789690510000,2026-09-18T00:15:10+00:00,148285462
DOGEUSDT,REALIZED_PNL,-1.55597,USDT,1789690933000,2026-09-18T00:22:13+00:00,148286836
DOGEUSDT,COMMISSION,-0.39004577,USDT,1789690933000,2026-09-18T00:22:13+00:00,148286836
XRPUSDT,REALIZED_PNL,-0.15076,USDT,1789693213000,2026-09-18T01:00:13+00:00,162206315
XRPUSDT,COMMISSION,-0.39200615,USDT,1789693213000,2026-09-18T01:00:13+00:00,162206315
SOLUSDT,REALIZED_PNL,11.2905,USDT,1789696269000,2026-09-18T01:51:09+00:00,92997083
SOLUSDT,COMMISSION,-0.3959202,USDT,1789696269000,2026-09-18T01:51:09+00:00,92997083
SOLUSDT,COMMISSION,-0.1960263,USDT,1789778714000,2026-09-19T00:45:14+00:00,93200674
SOLUSDT,REALIZED_PNL,-3.0275,USDT,1789781828000,2026-09-19T01:37:08+00:00,93208296
SOLUSDT,COMMISSION,-0.3908416,USDT,1789781828000,2026-09-19T01:37:08+00:00,93208296
DOGEUSDT,COMMISSION,-0.390771,USDT,1789785010000,2026-09-19T02:30:10+00:00,148843507
DOGEUSDT,REALIZED_PNL,-5.0922,USDT,1789788639000,2026-09-19T03:30:39+00:00,148864832
DOGEUSDT,COMMISSION,-0.38873412,USDT,1789788639000,2026-09-19T03:30:39+00:00,148864832
BTCUSDT,COMMISSION,-0.38953008,USDT,1789791309000,2026-09-19T04:15:09+00:00,539052740
BTCUSDT,FUNDING_FEE,0.09732359,USDT,1789804800000,2026-09-19T08:00:00+00:00,FUNDING_FEE
BTCUSDT,REALIZED_PNL,-0.36479999,USDT,1789805902000,2026-09-19T08:18:22+00:00,539100283
BTCUSDT,COMMISSION,-0.389676,USDT,1789805902000,2026-09-19T08:18:22+00:00,539100283
BTCUSDT,COMMISSION,-0.194928,USDT,1789806626000,2026-09-19T08:30:26+00:00,539102139
DOGEUSDT,COMMISSION,-0.19579104,USDT,1789814923000,2026-09-19T10:48:43+00:00,149013209
BTCUSDT,REALIZED_PNL,-0.1056,USDT,1789825508000,2026-09-19T13:45:08+00:00,539158341
BTCUSDT,COMMISSION,-0.38981376,USDT,1789825508000,2026-09-19T13:45:08+00:00,539158341
DOGEUSDT,REALIZED_PNL,18.5256,USDT,1789827498000,2026-09-19T14:18:18+00:00,149090486
DOGEUSDT,COMMISSION,-0.39899232,USDT,1789827498000,2026-09-19T14:18:18+00:00,149090486
ETHUSDT,COMMISSION,-0.39147623,USDT,1789829112000,2026-09-19T14:45:12+00:00,329035744
SOLUSDT,COMMISSION,-0.392019,USDT,1789831814000,2026-09-19T15:30:14+00:00,93320406
ETHUSDT,FUNDING_FEE,-0.07994586,USDT,1789833600000,2026-09-19T16:00:00+00:00,FUNDING_FEE
SOLUSDT,FUNDING_FEE,-0.09786686,USDT,1789833600000,2026-09-19T16:00:00+00:00,FUNDING_FEE
SOLUSDT,REALIZED_PNL,-1.4032,USDT,1789833613000,2026-09-19T16:00:13+00:00,93324339
SOLUSDT,COMMISSION,-0.39145772,USDT,1789833613000,2026-09-19T16:00:13+00:00,93324339
SOLUSDT,COMMISSION,-0.03981504,USDT,1789837212000,2026-09-19T17:00:12+00:00,93331432
SOLUSDT,COMMISSION,-0.35216676,USDT,1789837212000,2026-09-19T17:00:12+00:00,93331433
SOLUSDT,REALIZED_PNL,-3.1269,USDT,1789838909000,2026-09-19T17:28:29+00:00,93334795
SOLUSDT,COMMISSION,-0.39073104,USDT,1789838909000,2026-09-19T17:28:29+00:00,93334795
ETHUSDT,REALIZED_PNL,0.00371,USDT,1789844410000,2026-09-19T19:00:10+00:00,329107347
ETHUSDT,COMMISSION,-0.39147771,USDT,1789844410000,2026-09-19T19:00:10+00:00,329107347
SOLUSDT,COMMISSION,-0.00222159,USDT,1789865117000,2026-09-20T00:45:17+00:00,93391521
SOLUSDT,COMMISSION,-0.00311024,USDT,1789865118000,2026-09-20T00:45:18+00:00,93391522
SOLUSDT,COMMISSION,-0.00199944,USDT,1789865118000,2026-09-20T00:45:18+00:00,93391523
SOLUSDT,COMMISSION,-0.00111079,USDT,1789865118000,2026-09-20T00:45:18+00:00,93391524
SOLUSDT,COMMISSION,-0.00155512,USDT,1789865118000,2026-09-20T00:45:18+00:00,93391525
SOLUSDT,COMMISSION,-0.00155512,USDT,1789865120000,2026-09-20T00:45:20+00:00,93391526
SOLUSDT,COMMISSION,-0.00133296,USDT,1789865120000,2026-09-20T00:45:20+00:00,93391527
SOLUSDT,COMMISSION,-0.00111079,USDT,1789865120000,2026-09-20T00:45:20+00:00,93391528
SOLUSDT,COMMISSION,-0.00222159,USDT,1789865123000,2026-09-20T00:45:23+00:00,93391529
SOLUSDT,COMMISSION,-0.00199944,USDT,1789865123000,2026-09-20T00:45:23+00:00,93391530
SOLUSDT,COMMISSION,-0.00133296,USDT,1789865123000,2026-09-20T00:45:23+00:00,93391531
SOLUSDT,COMMISSION,-0.00199944,USDT,1789865123000,2026-09-20T00:45:23+00:00,93391532
SOLUSDT,COMMISSION,-0.00177728,USDT,1789865124000,2026-09-20T00:45:24+00:00,93391533
SOLUSDT,COMMISSION,-0.00111079,USDT,1789865125000,2026-09-20T00:45:25+00:00,93391534
SOLUSDT,COMMISSION,-0.00155512,USDT,1789865125000,2026-09-20T00:45:25+00:00,93391535
SOLUSDT,COMMISSION,-0.00177728,USDT,1789865125000,2026-09-20T00:45:25+00:00,93391536
SOLUSDT,COMMISSION,-0.00222159,USDT,1789865126000,2026-09-20T00:45:26+00:00,93391537
SOLUSDT,COMMISSION,-0.00222159,USDT,1789865128000,2026-09-20T00:45:28+00:00,93391538
SOLUSDT,COMMISSION,-0.00111079,USDT,1789865128000,2026-09-20T00:45:28+00:00,93391539
SOLUSDT,COMMISSION,-0.00155512,USDT,1789865129000,2026-09-20T00:45:29+00:00,93391540
SOLUSDT,COMMISSION,-0.00222159,USDT,1789865130000,2026-09-20T00:45:30+00:00,93391541
SOLUSDT,COMMISSION,-0.00133296,USDT,1789865130000,2026-09-20T00:45:30+00:00,93391542
SOLUSDT,COMMISSION,-0.00199944,USDT,1789865130000,2026-09-20T00:45:30+00:00,93391543
SOLUSDT,COMMISSION,-0.00177728,USDT,1789865130000,2026-09-20T00:45:30+00:00,93391544
SOLUSDT,COMMISSION,-0.00222159,USDT,1789865132000,2026-09-20T00:45:32+00:00,93391546
BTCUSDT,COMMISSION,-0.01463067,USDT,1789865132000,2026-09-20T00:45:32+00:00,539289756
SOLUSDT,COMMISSION,-0.00288808,USDT,1789865132000,2026-09-20T00:45:32+00:00,93391547
SOLUSDT,COMMISSION,-0.00199944,USDT,1789865133000,2026-09-20T00:45:33+00:00,93391548
BTCUSDT,COMMISSION,-0.01950756,USDT,1789865133000,2026-09-20T00:45:33+00:00,539289758
SOLUSDT,COMMISSION,-0.00199944,USDT,1789865133000,2026-09-20T00:45:33+00:00,93391549
SOLUSDT,COMMISSION,-0.00222159,USDT,1789865133000,2026-09-20T00:45:33+00:00,93391550
SOLUSDT,COMMISSION,-0.01977224,USDT,1789865134000,2026-09-20T00:45:34+00:00,93391551
BTCUSDT,COMMISSION,-0.01137941,USDT,1789865134000,2026-09-20T00:45:34+00:00,539289759
BTCUSDT,COMMISSION,-0.01463067,USDT,1789865134000,2026-09-20T00:45:34+00:00,539289760
BTCUSDT,COMMISSION,-0.01300504,USDT,1789865134000,2026-09-20T00:45:34+00:00,539289761
BTCUSDT,COMMISSION,-0.02601008,USDT,1789865134000,2026-09-20T00:45:34+00:00,539289762
SOLUSDT,COMMISSION,-0.00244376,USDT,1789865135000,2026-09-20T00:45:35+00:00,93391552
SOLUSDT,COMMISSION,-0.00244376,USDT,1789865135000,2026-09-20T00:45:35+00:00,93391553
SOLUSDT,COMMISSION,-0.00177728,USDT,1789865135000,2026-09-20T00:45:35+00:00,93391554
SOLUSDT,COMMISSION,-0.00177728,USDT,1789865135000,2026-09-20T00:45:35+00:00,93391555
BTCUSDT,COMMISSION,-0.01463067,USDT,1789865136000,2026-09-20T00:45:36+00:00,539289763
BTCUSDT,COMMISSION,-0.0162563,USDT,1789865136000,2026-09-20T00:45:36+00:00,539289764
BTCUSDT,COMMISSION,-0.02275882,USDT,1789865136000,2026-09-20T00:45:36+00:00,539289765
BTCUSDT,COMMISSION,-0.02113319,USDT,1789865137000,2026-09-20T00:45:37+00:00,539289766
SOLUSDT,COMMISSION,-0.00155512,USDT,1789865137000,2026-09-20T00:45:37+00:00,93391556
SOLUSDT,COMMISSION,-0.00133296,USDT,1789865137000,2026-09-20T00:45:37+00:00,93391557
SOLUSDT,COMMISSION,-0.00177728,USDT,1789865137000,2026-09-20T00:45:37+00:00,93391558
BTCUSDT,COMMISSION,-0.01950756,USDT,1789865139000,2026-09-20T00:45:39+00:00,539289767
BTCUSDT,COMMISSION,-0.00162563,USDT,1789865139000,2026-09-20T00:45:39+00:00,539289768
SOLUSDT,COMMISSION,-0.00155512,USDT,1789865140000,2026-09-20T00:45:40+00:00,93391559
SOLUSDT,COMMISSION,-0.00177728,USDT,1789865140000,2026-09-20T00:45:40+00:00,93391560
SOLUSDT,COMMISSION,-0.00177728,USDT,1789865140000,2026-09-20T00:45:40+00:00,93391561
SOLUSDT,COMMISSION,-0.00177728,USDT,1789865141000,2026-09-20T00:45:41+00:00,93391562
SOLUSDT,COMMISSION,-0.00111079,USDT,1789865142000,2026-09-20T00:45:42+00:00,93391563
SOLUSDT,COMMISSION,-0.00222159,USDT,1789865142000,2026-09-20T00:45:42+00:00,93391564
SOLUSDT,COMMISSION,-0.00311024,USDT,1789865142000,2026-09-20T00:45:42+00:00,93391565
SOLUSDT,COMMISSION,-0.00155512,USDT,1789865144000,2026-09-20T00:45:44+00:00,93391566
SOLUSDT,COMMISSION,-0.00288808,USDT,1789865144000,2026-09-20T00:45:44+00:00,93391567
SOLUSDT,COMMISSION,-0.00311024,USDT,1789865144000,2026-09-20T00:45:44+00:00,93391568
SOLUSDT,COMMISSION,-0.00133296,USDT,1789865144000,2026-09-20T00:45:44+00:00,93391569
SOLUSDT,COMMISSION,-0.00133296,USDT,1789865146000,2026-09-20T00:45:46+00:00,93391570
SOLUSDT,COMMISSION,-0.00133296,USDT,1789865146000,2026-09-20T00:45:46+00:00,93391571
SOLUSDT,COMMISSION,-0.00288808,USDT,1789865146000,2026-09-20T00:45:46+00:00,93391572
SOLUSDT,COMMISSION,-0.00155512,USDT,1789865146000,2026-09-20T00:45:46+00:00,93391573
SOLUSDT,COMMISSION,-0.00133296,USDT,1789865148000,2026-09-20T00:45:48+00:00,93391574
SOLUSDT,COMMISSION,-0.00222159,USDT,1789865148000,2026-09-20T00:45:48+00:00,93391575
SOLUSDT,COMMISSION,-0.00111079,USDT,1789865149000,2026-09-20T00:45:49+00:00,93391576
SOLUSDT,COMMISSION,-0.00155512,USDT,1789865149000,2026-09-20T00:45:49+00:00,93391577
SOLUSDT,COMMISSION,-0.00177728,USDT,1789865150000,2026-09-20T00:45:50+00:00,93391578
SOLUSDT,COMMISSION,-0.00111079,USDT,1789865150000,2026-09-20T00:45:50+00:00,93391579
SOLUSDT,COMMISSION,-0.00199944,USDT,1789865151000,2026-09-20T00:45:51+00:00,93391580
SOLUSDT,COMMISSION,-0.00311024,USDT,1789865151000,2026-09-20T00:45:51+00:00,93391581
SOLUSDT,COMMISSION,-0.00177728,USDT,1789865153000,2026-09-20T00:45:53+00:00,93391583
SOLUSDT,COMMISSION,-0.00288808,USDT,1789865153000,2026-09-20T00:45:53+00:00,93391584
SOLUSDT,COMMISSION,-0.00311024,USDT,1789865153000,2026-09-20T00:45:53+00:00,93391585
SOLUSDT,COMMISSION,-0.00222159,USDT,1789865153000,2026-09-20T00:45:53+00:00,93391586
SOLUSDT,COMMISSION,-0.00244376,USDT,1789865155000,2026-09-20T00:45:55+00:00,93391587
SOLUSDT,COMMISSION,-0.00177728,USDT,1789865155000,2026-09-20T00:45:55+00:00,93391588
SOLUSDT,COMMISSION,-0.00288808,USDT,1789865155000,2026-09-20T00:45:55+00:00,93391589
SOLUSDT,COMMISSION,-0.00199944,USDT,1789865155000,2026-09-20T00:45:55+00:00,93391590
SOLUSDT,COMMISSION,-0.00177728,USDT,1789865157000,2026-09-20T00:45:57+00:00,93391591
SOLUSDT,COMMISSION,-0.00155512,USDT,1789865157000,2026-09-20T00:45:57+00:00,93391592
SOLUSDT,COMMISSION,-0.00311024,USDT,1789865157000,2026-09-20T00:45:57+00:00,93391593
SOLUSDT,COMMISSION,-0.00111079,USDT,1789865158000,2026-09-20T00:45:58+00:00,93391594
SOLUSDT,COMMISSION,-0.00177728,USDT,1789865160000,2026-09-20T00:46:00+00:00,93391595
SOLUSDT,COMMISSION,-0.00244376,USDT,1789865160000,2026-09-20T00:46:00+00:00,93391596
SOLUSDT,COMMISSION,-0.00111079,USDT,1789865160000,2026-09-20T00:46:00+00:00,93391597
SOLUSDT,COMMISSION,-0.00177728,USDT,1789865160000,2026-09-20T00:46:00+00:00,93391598
SOLUSDT,COMMISSION,-0.00177728,USDT,1789865162000,2026-09-20T00:46:02+00:00,93391599
SOLUSDT,COMMISSION,-0.00155512,USDT,1789865162000,2026-09-20T00:46:02+00:00,93391600
SOLUSDT,COMMISSION,-0.00222159,USDT,1789865164000,2026-09-20T00:46:04+00:00,93391601
SOLUSDT,COMMISSION,-0.00155512,USDT,1789865164000,2026-09-20T00:46:04+00:00,93391602
SOLUSDT,COMMISSION,-0.00288808,USDT,1789865164000,2026-09-20T00:46:04+00:00,93391603
SOLUSDT,COMMISSION,-0.00222159,USDT,1789865165000,2026-09-20T00:46:05+00:00,93391604
SOLUSDT,COMMISSION,-0.00222159,USDT,1789865166000,2026-09-20T00:46:06+00:00,93391605
SOLUSDT,COMMISSION,-0.00222159,USDT,1789865166000,2026-09-20T00:46:06+00:00,93391606
SOLUSDT,COMMISSION,-0.00177728,USDT,1789865166000,2026-09-20T00:46:06+00:00,93391607
SOLUSDT,COMMISSION,-0.00311024,USDT,1789865169000,2026-09-20T00:46:09+00:00,93391608
SOLUSDT,COMMISSION,-0.00177728,USDT,1789865169000,2026-09-20T00:46:09+00:00,93391609
SOLUSDT,COMMISSION,-0.00177728,USDT,1789865169000,2026-09-20T00:46:09+00:00,93391610
SOLUSDT,COMMISSION,-0.00177728,USDT,1789865169000,2026-09-20T00:46:09+00:00,93391611
SOLUSDT,COMMISSION,-0.00199944,USDT,1789865171000,2026-09-20T00:46:11+00:00,93391612
SOLUSDT,COMMISSION,-0.00311024,USDT,1789865171000,2026-09-20T00:46:11+00:00,93391613
SOLUSDT,COMMISSION,-0.00044432,USDT,1789865171000,2026-09-20T00:46:11+00:00,93391614
SOLUSDT,REALIZED_PNL,-3.0022,USDT,1789866522000,2026-09-20T01:08:42+00:00,93394114
SOLUSDT,COMMISSION,-0.39113368,USDT,1789866522000,2026-09-20T01:08:42+00:00,93394114
BTCUSDT,REALIZED_PNL,-1.3104,USDT,1789866813000,2026-09-20T01:13:33+00:00,539294842
BTCUSDT,COMMISSION,-0.38962704,USDT,1789866813000,2026-09-20T01:13:33+00:00,539294842
