id,order_id,timestamp,symbol,side,price,amount,cost,fee_cost,fee_currency,takerOrMaker,realized_pnl,dt
326411150,16792768465,1789257614729,ETHUSDT,BUY,2524.99,0.396,999.89604,0.39995841,USDT,taker,0.0,2026-09-13 00:00:14.729000+00:00
160091432,3500944705,1789257622082,XRPUSDT,BUY,1.3657,732.2,999.96554,0.1999931,USDT,maker,0.0,2026-09-13 00:00:22.082000+00:00
326414478,16792776841,1789258512851,ETHUSDT,BUY,2525.01,0.013,32.82513,0.00656502,USDT,maker,0.0,2026-09-13 00:15:12.851000+00:00
326414479,16792776841,1789258513063,ETHUSDT,BUY,2525.01,0.016,40.40016,0.00808003,USDT,maker,0.0,2026-09-13 00:15:13.063000+00:00
326414480,16792776841,1789258513125,ETHUSDT,BUY,2525.01,0.011,27.77511,0.00555502,USDT,maker,0.0,2026-09-13 00:15:13.125000+00:00
326414481,16792776841,1789258513126,ETHUSDT,BUY,2525.01,0.009,22.72509,0.00454501,USDT,maker,0.0,2026-09-13 00:15:13.126000+00:00
326414482,16792776841,1789258515287,ETHUSDT,BUY,2525.01,0.014,35.35014,0.00707002,USDT,maker,0.0,2026-09-13 00:15:15.287000+00:00
326414483,16792776841,1789258515378,ETHUSDT,BUY,2525.01,0.011,27.77511,0.00555502,USDT,maker,0.0,2026-09-13 00:15:15.378000+00:00
326414484,16792776841,1789258516773,ETHUSDT,BUY,2525.01,0.015,37.87515,0.00757503,USDT,maker,0.0,2026-09-13 00:15:16.773000+00:00
326414485,16792776841,1789258517177,ETHUSDT,BUY,2525.01,0.008,20.20008,0.00404001,USDT,maker,0.0,2026-09-13 00:15:17.177000+00:00
326414486,16792776841,1789258517370,ETHUSDT,BUY,2525.01,0.011,27.77511,0.00555502,USDT,maker,0.0,2026-09-13 00:15:17.370000+00:00
326414487,16792776841,1789258517439,ETHUSDT,BUY,2525.01,0.008,20.20008,0.00404001,USDT,maker,0.0,2026-09-13 00:15:17.439000+00:00
326446950,16792864254,1789268451037,ETHUSDT,SELL,2519.58,0.396,997.75368,0.39910147,USDT,taker,-2.14415437,2026-09-13 03:00:51.037000+00:00
92053070,4202369669,1789272914436,SOLUSDT,SELL,101.61,7.3,741.753,0.2967012,USDT,taker,0.0,2026-09-13 04:15:14.436000+00:00
92053166,4202370193,1789272973575,SOLUSDT,BUY,101.91,7.3,743.943,0.2975772,USDT,taker,-2.19,2026-09-13 04:16:13.575000+00:00
160167988,3501103163,1789282446084,XRPUSDT,SELL,1.3615,732.2,996.8903,0.39875612,USDT,taker,-3.07524,2026-09-13 06:54:06.084000+00:00
326714245,16793613976,1789338623711,ETHUSDT,SELL,2479.7,0.116,287.6452,0.11505808,USDT,taker,-5.25416562,2026-09-13 22:30:23.711000+00:00
146617453,2343028799,1789388111283,DOGEUSDT,SELL,0.08415,11859.0,997.93485,0.39917394,USDT,taker,0.0,2026-09-14 12:15:11.283000+00:00
146626511,2343043272,1789389911879,DOGEUSDT,BUY,0.0841,11859.0,997.3419,0.39893676,USDT,taker,0.59295,2026-09-14 12:45:11.879000+00:00
92308063,4203530633,1789392648568,SOLUSDT,SELL,101.34,9.83,996.1722,0.19923444,USDT,maker,0.0,2026-09-14 13:30:48.568000+00:00
146651467,2343051895,1789393646144,DOGEUSDT,SELL,0.08409,11856.0,996.97104,0.1993942,USDT,maker,0.0,2026-09-14 13:47:26.144000+00:00
92322298,4203603941,1789398913683,SOLUSDT,BUY,101.73,9.83,1000.0059,0.40000236,USDT,taker,-3.8337,2026-09-14 15:15:13.683000+00:00
146713781,2343164503,1789403410277,DOGEUSDT,BUY,0.08426,11856.0,998.98656,0.39959462,USDT,taker,-2.01552,2026-09-14 16:30:10.277000+00:00
537988085,28586931394,1789498810285,BTCUSDT,SELL,75983.0,0.0131,995.3773,0.39815092,USDT,taker,0.0,2026-09-15 19:00:10.285000+00:00
537989343,28586934934,1789499157722,BTCUSDT,BUY,76798.0,0.0131,1006.0538,0.40242152,USDT,taker,-10.6765,2026-09-15 19:05:57.722000+00:00
92642111,4204971731,1789539313195,SOLUSDT,SELL,97.16,0.1,9.716,0.0038864,USDT,taker,0.0,2026-09-16 06:15:13.195000+00:00
92642112,4204971731,1789539313195,SOLUSDT,SELL,97.12,0.56,54.3872,0.02175488,USDT,taker,0.0,2026-09-16 06:15:13.195000+00:00
92642105,4204971731,1789539313195,SOLUSDT,SELL,97.17,0.1,9.717,0.0038868,USDT,taker,0.0,2026-09-16 06:15:13.195000+00:00
92642104,4204971731,1789539313195,SOLUSDT,SELL,97.17,0.06,5.8302,0.00233207,USDT,taker,0.0,2026-09-16 06:15:13.195000+00:00
92642103,4204971731,1789539313195,SOLUSDT,SELL,97.17,0.06,5.8302,0.00233207,USDT,taker,0.0,2026-09-16 06:15:13.195000+00:00
92642106,4204971731,1789539313195,SOLUSDT,SELL,97.16,0.07,6.8012,0.00272048,USDT,taker,0.0,2026-09-16 06:15:13.195000+00:00
92642102,4204971731,1789539313195,SOLUSDT,SELL,97.17,4.53,440.1801,0.17607204,USDT,taker,0.0,2026-09-16 06:15:13.195000+00:00
92642108,4204971731,1789539313195,SOLUSDT,SELL,97.16,0.06,5.8296,0.00233184,USDT,taker,0.0,2026-09-16 06:15:13.195000+00:00
92642101,4204971731,1789539313195,SOLUSDT,SELL,97.17,3.93,381.8781,0.15275124,USDT,taker,0.0,2026-09-16 06:15:13.195000+00:00
92642109,4204971731,1789539313195,SOLUSDT,SELL,97.16,0.09,8.7444,0.00349776,USDT,taker,0.0,2026-09-16 06:15:13.195000+00:00
92642110,4204971731,1789539313195,SOLUSDT,SELL,97.16,0.06,5.8296,0.00233184,USDT,taker,0.0,2026-09-16 06:15:13.195000+00:00
92642107,4204971731,1789539313195,SOLUSDT,SELL,97.16,0.1,9.716,0.0038864,USDT,taker,0.0,2026-09-16 06:15:13.195000+00:00
92642113,4204971731,1789539315099,SOLUSDT,SELL,97.09,0.1,9.709,0.0019418,USDT,maker,0.0,2026-09-16 06:15:15.099000+00:00
92642114,4204971731,1789539315103,SOLUSDT,SELL,97.09,0.14,13.5926,0.00271852,USDT,maker,0.0,2026-09-16 06:15:15.103000+00:00
92642115,4204971731,1789539315341,SOLUSDT,SELL,97.09,0.11,10.6799,0.00213598,USDT,maker,0.0,2026-09-16 06:15:15.341000+00:00
92642116,4204971731,1789539316573,SOLUSDT,SELL,97.09,0.16,15.5344,0.00310688,USDT,maker,0.0,2026-09-16 06:15:16.573000+00:00
92643747,4204979586,1789540212557,SOLUSDT,BUY,97.26,1.87,181.8762,0.07275048,USDT,taker,-0.18175376,2026-09-16 06:30:12.557000+00:00
92643749,4204979586,1789540212557,SOLUSDT,BUY,97.27,8.27,804.4229,0.32176916,USDT,taker,-0.88649872,2026-09-16 06:30:12.557000+00:00
92643748,4204979586,1789540212557,SOLUSDT,BUY,97.26,0.06,5.8356,0.00233424,USDT,taker,-0.00583167,2026-09-16 06:30:12.557000+00:00
92643746,4204979586,1789540212557,SOLUSDT,BUY,97.26,0.03,2.9178,0.00116712,USDT,taker,-0.00291583,2026-09-16 06:30:12.557000+00:00
92645404,4204989028,1789541117164,SOLUSDT,SELL,96.99,0.1,9.699,0.0019398,USDT,maker,0.0,2026-09-16 06:45:17.164000+00:00
92645405,4204989028,1789541117262,SOLUSDT,SELL,96.99,0.06,5.8194,0.00116388,USDT,maker,0.0,2026-09-16 06:45:17.262000+00:00
92645407,4204989028,1789541119555,SOLUSDT,SELL,96.99,0.1,9.699,0.0019398,USDT,maker,0.0,2026-09-16 06:45:19.555000+00:00
92645408,4204989028,1789541119661,SOLUSDT,SELL,96.99,0.08,7.7592,0.00155184,USDT,maker,0.0,2026-09-16 06:45:19.661000+00:00
92645409,4204989028,1789541119731,SOLUSDT,SELL,96.99,0.06,5.8194,0.00116388,USDT,maker,0.0,2026-09-16 06:45:19.731000+00:00
92645410,4204989028,1789541119848,SOLUSDT,SELL,96.99,0.13,12.6087,0.00252174,USDT,maker,0.0,2026-09-16 06:45:19.848000+00:00
92645411,4204989028,1789541122220,SOLUSDT,SELL,96.99,9.7,940.803,0.1881606,USDT,maker,0.0,2026-09-16 06:45:22.220000+00:00
92647264,4204998430,1789542008063,SOLUSDT,BUY,97.3,10.23,995.379,0.3981516,USDT,taker,-3.1713,2026-09-16 07:00:08.063000+00:00
147468349,2344354132,1789542009831,DOGEUSDT,SELL,0.0802,12407.0,995.0414,0.39801656,USDT,taker,0.0,2026-09-16 07:00:09.831000+00:00
327687132,16795929781,1789542013422,ETHUSDT,SELL,2404.85,0.551,1325.07235,0.53002894,USDT,taker,0.0,2026-09-16 07:00:13.422000+00:00
327687497,16795930501,1789542079035,ETHUSDT,BUY,2406.64,0.551,1326.05864,0.53042345,USDT,taker,-0.98629,2026-09-16 07:01:19.035000+00:00
147469680,2344356032,1789542212405,DOGEUSDT,BUY,0.08034,12407.0,996.77838,0.39871135,USDT,taker,-1.73698,2026-09-16 07:03:32.405000+00:00
147474728,2344363137,1789542910532,DOGEUSDT,SELL,0.07999,12392.0,991.23608,0.39649443,USDT,taker,0.0,2026-09-16 07:15:10.532000+00:00
327700031,16795949910,1789544391313,ETHUSDT,SELL,2399.81,0.413,991.12153,0.1982243,USDT,maker,0.0,2026-09-16 07:39:51.313000+00:00
538153766,28587494550,1789545920265,BTCUSDT,SELL,75773.1,0.013,985.0503,0.19701006,USDT,maker,0.0,2026-09-16 08:05:20.265000+00:00
327731093,16796019059,1789551911855,ETHUSDT,BUY,2403.39,0.413,992.60007,0.39704002,USDT,taker,-1.47854,2026-09-16 09:45:11.855000+00:00
538178970,28587587462,1789552951978,BTCUSDT,BUY,75996.2,0.013,987.9506,0.39518024,USDT,taker,-2.9003,2026-09-16 10:02:31.978000+00:00
147545150,2344481852,1789557309205,DOGEUSDT,BUY,0.07989,12392.0,989.99688,0.39599875,USDT,taker,1.2392,2026-09-16 11:15:09.205000+00:00
147583931,2344537422,1789563610650,DOGEUSDT,SELL,0.07931,12487.0,990.34397,0.39613758,USDT,taker,0.0,2026-09-16 13:00:10.650000+00:00
538229040,28587755482,1789566310245,BTCUSDT,SELL,75754.3,0.013,984.8059,0.39392236,USDT,taker,0.0,2026-09-16 13:45:10.245000+00:00
327800296,16796156249,1789566315084,ETHUSDT,SELL,2398.2,0.084,201.4488,0.08057952,USDT,taker,0.0,2026-09-16 13:45:15.084000+00:00
327800298,16796156249,1789566316585,ETHUSDT,SELL,2398.16,0.258,618.72528,0.12374505,USDT,maker,0.0,2026-09-16 13:45:16.585000+00:00
327800306,16796156249,1789566324380,ETHUSDT,SELL,2398.16,0.071,170.26936,0.03405387,USDT,maker,0.0,2026-09-16 13:45:24.380000+00:00
327804253,16796164575,1789567212379,ETHUSDT,BUY,2393.11,0.413,988.35443,0.39534177,USDT,taker,2.08901,2026-09-16 14:00:12.379000+00:00
147704022,2344710762,1789581968011,DOGEUSDT,BUY,0.07998,12487.0,998.71026,0.3994841,USDT,taker,-8.36629,2026-09-16 18:06:08.011000+00:00
538290512,28587951299,1789582237654,BTCUSDT,BUY,76100.0,0.013,989.3,0.39572,USDT,taker,-4.4941,2026-09-16 18:10:37.654000+00:00
538318535,28588035380,1789587909416,BTCUSDT,SELL,75847.0,0.013,986.011,0.3944044,USDT,taker,0.0,2026-09-16 19:45:09.416000+00:00
538319064,28588036646,1789588003979,BTCUSDT,BUY,75982.4,0.013,987.7712,0.39510848,USDT,taker,-1.7602,2026-09-16 19:46:43.979000+00:00
538357872,28588156816,1789598708992,BTCUSDT,SELL,75726.1,0.011,832.9871,0.33319484,USDT,taker,0.0,2026-09-16 22:45:08.992000+00:00
538357871,28588156816,1789598708992,BTCUSDT,SELL,75726.1,0.002,151.4522,0.06058088,USDT,taker,0.0,2026-09-16 22:45:08.992000+00:00
92786059,4205565796,1789599618018,SOLUSDT,SELL,97.45,10.13,987.1685,0.3948674,USDT,taker,0.0,2026-09-16 23:00:18.018000+00:00
327968795,16796466236,1789600166093,ETHUSDT,SELL,2396.72,0.412,987.44864,0.19748972,USDT,maker,0.0,2026-09-16 23:09:26.093000+00:00
92788047,4205574251,1789600512516,SOLUSDT,BUY,97.7,10.13,989.701,0.3958804,USDT,taker,-2.5325,2026-09-16 23:15:12.516000+00:00
92788064,4205574294,1789600517466,SOLUSDT,SELL,97.6,0.11,10.736,0.0042944,USDT,taker,0.0,2026-09-16 23:15:17.466000+00:00
92788062,4205574294,1789600517466,SOLUSDT,SELL,97.69,4.21,411.2749,0.16450996,USDT,taker,0.0,2026-09-16 23:15:17.466000+00:00
92788063,4205574294,1789600517466,SOLUSDT,SELL,97.66,4.09,399.4294,0.15977176,USDT,taker,0.0,2026-09-16 23:15:17.466000+00:00
92788065,4205574294,1789600517466,SOLUSDT,SELL,97.51,1.06,103.3606,0.04134423,USDT,taker,0.0,2026-09-16 23:15:17.466000+00:00
92788061,4205574294,1789600517466,SOLUSDT,SELL,97.69,0.65,63.4985,0.0253994,USDT,taker,0.0,2026-09-16 23:15:17.466000+00:00
327972765,16796477531,1789600856842,ETHUSDT,BUY,2409.49,0.412,992.70988,0.39708395,USDT,taker,-5.26124,2026-09-16 23:20:56.842000+00:00
92789152,4205579214,1789601006610,SOLUSDT,BUY,98.35,10.12,995.302,0.3981208,USDT,taker,-7.0026,2026-09-16 23:23:26.610000+00:00
538368486,28588189338,1789602011447,BTCUSDT,BUY,76093.1,0.013,989.2103,0.39568412,USDT,taker,-4.771,2026-09-16 23:40:11.447000+00:00
161865222,3503804021,1789623920827,XRPUSDT,SELL,1.2948,4.2,5.43816,0.00108763,USDT,maker,0.0,2026-09-17 05:45:20.827000+00:00
161865223,3503804021,1789623920900,XRPUSDT,SELL,1.2948,4.6,5.95608,0.00119121,USDT,maker,0.0,2026-09-17 05:45:20.900000+00:00
161865224,3503804021,1789623921283,XRPUSDT,SELL,1.2948,4.2,5.43816,0.00108763,USDT,maker,0.0,2026-09-17 05:45:21.283000+00:00
161865225,3503804021,1789623921414,XRPUSDT,SELL,1.2948,4.7,6.08556,0.00121711,USDT,maker,0.0,2026-09-17 05:45:21.414000+00:00
161865226,3503804021,1789623921662,XRPUSDT,SELL,1.2948,741.2,959.70576,0.19194115,USDT,maker,0.0,2026-09-17 05:45:21.662000+00:00
161884293,3503832804,1789627512801,XRPUSDT,BUY,1.3017,758.9,987.86013,0.39514405,USDT,taker,-5.23641,2026-09-17 06:45:12.801000+00:00
538502791,28588592229,1789641920189,BTCUSDT,SELL,76329.3,0.0014,106.86102,0.0213722,USDT,maker,0.0,2026-09-17 10:45:20.189000+00:00
538502837,28588592229,1789641922999,BTCUSDT,SELL,76329.3,0.0114,870.15402,0.1740308,USDT,maker,0.0,2026-09-17 10:45:22.999000+00:00
538522441,28588647622,1789647135063,BTCUSDT,BUY,76598.8,0.0128,980.46464,0.39218585,USDT,taker,-3.4496,2026-09-17 12:12:15.063000+00:00
538568871,28588779785,1789659015515,BTCUSDT,SELL,76414.4,0.0128,978.10432,0.39124172,USDT,taker,0.0,2026-09-17 15:30:15.515000+00:00
538571502,28588786140,1789659639062,BTCUSDT,BUY,76677.6,0.0128,981.47328,0.39258931,USDT,taker,-3.36896,2026-09-17 15:40:39.062000+00:00
162089817,3504130640,1789668014344,XRPUSDT,SELL,1.2999,753.8,979.86462,0.39194584,USDT,taker,0.0,2026-09-17 18:00:14.344000+00:00
92956359,4206129876,1789677021733,SOLUSDT,BUY,101.29,0.09,9.1161,0.00182322,USDT,maker,0.0,2026-09-17 20:30:21.733000+00:00
92956360,4206129876,1789677021793,SOLUSDT,BUY,101.29,0.1,10.129,0.0020258,USDT,maker,0.0,2026-09-17 20:30:21.793000+00:00
92956361,4206129876,1789677024249,SOLUSDT,BUY,101.29,0.05,5.0645,0.0010129,USDT,maker,0.0,2026-09-17 20:30:24.249000+00:00
92956362,4206129876,1789677024536,SOLUSDT,BUY,101.29,0.09,9.1161,0.00182322,USDT,maker,0.0,2026-09-17 20:30:24.536000+00:00
92956363,4206129876,1789677024659,SOLUSDT,BUY,101.29,0.08,8.1032,0.00162064,USDT,maker,0.0,2026-09-17 20:30:24.659000+00:00
92956364,4206129876,1789677024889,SOLUSDT,BUY,101.29,0.11,11.1419,0.00222838,USDT,maker,0.0,2026-09-17 20:30:24.889000+00:00
92956365,4206129876,1789677026834,SOLUSDT,BUY,101.29,0.07,7.0903,0.00141806,USDT,maker,0.0,2026-09-17 20:30:26.834000+00:00
92956366,4206129876,1789677027164,SOLUSDT,BUY,101.29,0.06,6.0774,0.00121547,USDT,maker,0.0,2026-09-17 20:30:27.164000+00:00
92956367,4206129876,1789677027253,SOLUSDT,BUY,101.29,0.08,8.1032,0.00162064,USDT,maker,0.0,2026-09-17 20:30:27.253000+00:00
92956368,4206129876,1789677027299,SOLUSDT,BUY,101.29,0.05,5.0645,0.0010129,USDT,maker,0.0,2026-09-17 20:30:27.299000+00:00
92956369,4206129876,1789677029777,SOLUSDT,BUY,101.29,0.08,8.1032,0.00162064,USDT,maker,0.0,2026-09-17 20:30:29.777000+00:00
92956370,4206129876,1789677029878,SOLUSDT,BUY,101.29,0.06,6.0774,0.00121547,USDT,maker,0.0,2026-09-17 20:30:29.878000+00:00
92956371,4206129876,1789677029951,SOLUSDT,BUY,101.29,0.11,11.1419,0.00222838,USDT,maker,0.0,2026-09-17 20:30:29.951000+00:00
92956372,4206129876,1789677030013,SOLUSDT,BUY,101.29,0.09,9.1161,0.00182322,USDT,maker,0.0,2026-09-17 20:30:30.013000+00:00
92956373,4206129876,1789677031486,SOLUSDT,BUY,101.29,4.1,415.289,0.0830578,USDT,maker,0.0,2026-09-17 20:30:31.486000+00:00
92956374,4206129876,1789677032000,SOLUSDT,BUY,101.29,0.1,10.129,0.0020258,USDT,maker,0.0,2026-09-17 20:30:32+00:00
92956375,4206129876,1789677032044,SOLUSDT,BUY,101.29,0.09,9.1161,0.00182322,USDT,maker,0.0,2026-09-17 20:30:32.044000+00:00
92956376,4206129876,1789677032231,SOLUSDT,BUY,101.29,0.12,12.1548,0.00243095,USDT,maker,0.0,2026-09-17 20:30:32.231000+00:00
92956380,4206129876,1789677033004,SOLUSDT,BUY,101.29,0.1,10.129,0.0020258,USDT,maker,0.0,2026-09-17 20:30:33.004000+00:00
92956381,4206129876,1789677034685,SOLUSDT,BUY,101.29,0.05,5.0645,0.0010129,USDT,maker,0.0,2026-09-17 20:30:34.685000+00:00
92956382,4206129876,1789677034766,SOLUSDT,BUY,101.29,0.12,12.1548,0.00243095,USDT,maker,0.0,2026-09-17 20:30:34.766000+00:00
92956383,4206129876,1789677034822,SOLUSDT,BUY,101.29,0.09,9.1161,0.00182322,USDT,maker,0.0,2026-09-17 20:30:34.822000+00:00
92956384,4206129876,1789677035098,SOLUSDT,BUY,101.29,0.08,8.1032,0.00162064,USDT,maker,0.0,2026-09-17 20:30:35.098000+00:00
92956385,4206129876,1789677036894,SOLUSDT,BUY,101.29,0.05,5.0645,0.0010129,USDT,maker,0.0,2026-09-17 20:30:36.894000+00:00
92956386,4206129876,1789677036938,SOLUSDT,BUY,101.29,0.06,6.0774,0.00121547,USDT,maker,0.0,2026-09-17 20:30:36.938000+00:00
92956387,4206129876,1789677037043,SOLUSDT,BUY,101.29,0.09,9.1161,0.00182322,USDT,maker,0.0,2026-09-17 20:30:37.043000+00:00
92956388,4206129876,1789677037531,SOLUSDT,BUY,101.29,0.08,8.1032,0.00162064,USDT,maker,0.0,2026-09-17 20:30:37.531000+00:00
92956389,4206129876,1789677038870,SOLUSDT,BUY,101.29,0.05,5.0645,0.0010129,USDT,maker,0.0,2026-09-17 20:30:38.870000+00:00
92956390,4206129876,1789677038882,SOLUSDT,BUY,101.29,0.05,5.0645,0.0010129,USDT,maker,0.0,2026-09-17 20:30:38.882000+00:00
92956391,4206129876,1789677039027,SOLUSDT,BUY,101.29,0.1,10.129,0.0020258,USDT,maker,0.0,2026-09-17 20:30:39.027000+00:00
92956392,4206129876,1789677040536,SOLUSDT,BUY,101.29,0.08,8.1032,0.00162064,USDT,maker,0.0,2026-09-17 20:30:40.536000+00:00
92956393,4206129876,1789677040546,SOLUSDT,BUY,101.29,0.11,11.1419,0.00222838,USDT,maker,0.0,2026-09-17 20:30:40.546000+00:00
92956394,4206129876,1789677040759,SOLUSDT,BUY,101.29,0.1,10.129,0.0020258,USDT,maker,0.0,2026-09-17 20:30:40.759000+00:00
92956395,4206129876,1789677041093,SOLUSDT,BUY,101.29,0.09,9.1161,0.00182322,USDT,maker,0.0,2026-09-17 20:30:41.093000+00:00
92956396,4206129876,1789677042795,SOLUSDT,BUY,101.29,0.06,6.0774,0.00121547,USDT,maker,0.0,2026-09-17 20:30:42.795000+00:00
92956397,4206129876,1789677042963,SOLUSDT,BUY,101.29,0.08,8.1032,0.00162064,USDT,maker,0.0,2026-09-17 20:30:42.963000+00:00
92956398,4206129876,1789677043182,SOLUSDT,BUY,101.29,0.06,6.0774,0.00121547,USDT,maker,0.0,2026-09-17 20:30:43.182000+00:00
92956399,4206129876,1789677043489,SOLUSDT,BUY,101.29,0.09,9.1161,0.00182322,USDT,maker,0.0,2026-09-17 20:30:43.489000+00:00
92956400,4206129876,1789677043712,SOLUSDT,BUY,101.29,0.1,10.129,0.0020258,USDT,maker,0.0,2026-09-17 20:30:43.712000+00:00
92956401,4206129876,1789677045378,SOLUSDT,BUY,101.29,0.05,5.0645,0.0010129,USDT,maker,0.0,2026-09-17 20:30:45.378000+00:00
92956402,4206129876,1789677045587,SOLUSDT,BUY,101.29,0.1,10.129,0.0020258,USDT,maker,0.0,2026-09-17 20:30:45.587000+00:00
92956403,4206129876,1789677045615,SOLUSDT,BUY,101.29,0.08,8.1032,0.00162064,USDT,maker,0.0,2026-09-17 20:30:45.615000+00:00
92956404,4206129876,1789677045690,SOLUSDT,BUY,101.29,0.07,7.0903,0.00141806,USDT,maker,0.0,2026-09-17 20:30:45.690000+00:00
92956406,4206129876,1789677048063,SOLUSDT,BUY,101.29,0.1,10.129,0.0020258,USDT,maker,0.0,2026-09-17 20:30:48.063000+00:00
92956407,4206129876,1789677048420,SOLUSDT,BUY,101.29,0.07,7.0903,0.00141806,USDT,maker,0.0,2026-09-17 20:30:48.420000+00:00
92956408,4206129876,1789677049198,SOLUSDT,BUY,101.29,0.07,7.0903,0.00141806,USDT,maker,0.0,2026-09-17 20:30:49.198000+00:00
92956409,4206129876,1789677050509,SOLUSDT,BUY,101.29,0.06,6.0774,0.00121547,USDT,maker,0.0,2026-09-17 20:30:50.509000+00:00
92956410,4206129876,1789677050609,SOLUSDT,BUY,101.29,0.14,14.1806,0.00283612,USDT,maker,0.0,2026-09-17 20:30:50.609000+00:00
92956411,4206129876,1789677050689,SOLUSDT,BUY,101.29,0.08,8.1032,0.00162064,USDT,maker,0.0,2026-09-17 20:30:50.689000+00:00
92956412,4206129876,1789677050693,SOLUSDT,BUY,101.29,0.11,11.1419,0.00222838,USDT,maker,0.0,2026-09-17 20:30:50.693000+00:00
92956413,4206129876,1789677053062,SOLUSDT,BUY,101.29,0.06,6.0774,0.00121547,USDT,maker,0.0,2026-09-17 20:30:53.062000+00:00
92956414,4206129876,1789677053087,SOLUSDT,BUY,101.29,0.1,10.129,0.0020258,USDT,maker,0.0,2026-09-17 20:30:53.087000+00:00
92956415,4206129876,1789677053296,SOLUSDT,BUY,101.29,0.09,9.1161,0.00182322,USDT,maker,0.0,2026-09-17 20:30:53.296000+00:00
92956416,4206129876,1789677053849,SOLUSDT,BUY,101.29,0.08,8.1032,0.00162064,USDT,maker,0.0,2026-09-17 20:30:53.849000+00:00
92956417,4206129876,1789677054646,SOLUSDT,BUY,101.29,0.07,7.0903,0.00141806,USDT,maker,0.0,2026-09-17 20:30:54.646000+00:00
92956418,4206129876,1789677055473,SOLUSDT,BUY,101.29,0.08,8.1032,0.00162064,USDT,maker,0.0,2026-09-17 20:30:55.473000+00:00
92956419,4206129876,1789677055714,SOLUSDT,BUY,101.29,0.06,6.0774,0.00121547,USDT,maker,0.0,2026-09-17 20:30:55.714000+00:00
92956420,4206129876,1789677055755,SOLUSDT,BUY,101.29,0.08,8.1032,0.00162064,USDT,maker,0.0,2026-09-17 20:30:55.755000+00:00
92956421,4206129876,1789677057860,SOLUSDT,BUY,101.29,0.09,9.1161,0.00182322,USDT,maker,0.0,2026-09-17 20:30:57.860000+00:00
92956422,4206129876,1789677057924,SOLUSDT,BUY,101.29,0.08,8.1032,0.00162064,USDT,maker,0.0,2026-09-17 20:30:57.924000+00:00
92956423,4206129876,1789677058682,SOLUSDT,BUY,101.29,0.09,9.1161,0.00182322,USDT,maker,0.0,2026-09-17 20:30:58.682000+00:00
92956424,4206129876,1789677060859,SOLUSDT,BUY,101.29,0.1,10.129,0.0020258,USDT,maker,0.0,2026-09-17 20:31:00.859000+00:00
92956425,4206129876,1789677060999,SOLUSDT,BUY,101.29,0.07,7.0903,0.00141806,USDT,maker,0.0,2026-09-17 20:31:00.999000+00:00
92956426,4206129876,1789677061054,SOLUSDT,BUY,101.29,0.05,5.0645,0.0010129,USDT,maker,0.0,2026-09-17 20:31:01.054000+00:00
92956427,4206129876,1789677061090,SOLUSDT,BUY,101.29,0.12,12.1548,0.00243095,USDT,maker,0.0,2026-09-17 20:31:01.090000+00:00
92956428,4206129876,1789677063730,SOLUSDT,BUY,101.29,0.05,5.0645,0.0010129,USDT,maker,0.0,2026-09-17 20:31:03.730000+00:00
92956429,4206129876,1789677063945,SOLUSDT,BUY,101.29,0.09,9.1161,0.00182322,USDT,maker,0.0,2026-09-17 20:31:03.945000+00:00
92956430,4206129876,1789677063956,SOLUSDT,BUY,101.29,0.07,7.0903,0.00141806,USDT,maker,0.0,2026-09-17 20:31:03.956000+00:00
92956431,4206129876,1789677064368,SOLUSDT,BUY,101.29,0.06,6.0774,0.00121547,USDT,maker,0.0,2026-09-17 20:31:04.368000+00:00
92956433,4206129876,1789677066691,SOLUSDT,BUY,101.29,0.03,3.0387,0.00060773,USDT,maker,0.0,2026-09-17 20:31:06.691000+00:00
92970593,4206174017,1789684213029,SOLUSDT,SELL,100.78,9.67,974.5426,0.38981704,USDT,taker,-4.9317,2026-09-17 22:30:13.029000+00:00
92972530,4206180100,1789685114680,SOLUSDT,BUY,101.4,9.65,978.51,0.391404,USDT,taker,0.0,2026-09-17 22:45:14.680000+00:00
148285462,2345620339,1789690510380,DOGEUSDT,BUY,0.0816,11969.0,976.6704,0.39066816,USDT,taker,0.0,2026-09-18 00:15:10.380000+00:00
148286836,2345622863,1789690933066,DOGEUSDT,SELL,0.08147,11969.0,975.11443,0.39004577,USDT,taker,-1.55597,2026-09-18 00:22:13.066000+00:00
162206315,3504310375,1789693213300,XRPUSDT,BUY,1.3001,753.8,980.01538,0.39200615,USDT,taker,-0.15076,2026-09-18 01:00:13.300000+00:00
92997083,4206257840,1789696269083,SOLUSDT,SELL,102.57,9.65,989.8005,0.3959202,USDT,taker,11.2905,2026-09-18 01:51:09.083000+00:00
93200674,4206951747,1789778714346,SOLUSDT,BUY,113.31,8.65,980.1315,0.1960263,USDT,maker,0.0,2026-09-19 00:45:14.346000+00:00
93208296,4206978323,1789781828084,SOLUSDT,SELL,112.96,8.65,977.104,0.3908416,USDT,taker,-3.0275,2026-09-19 01:37:08.084000+00:00
148843507,2346443269,1789785010311,DOGEUSDT,BUY,0.08825,11070.0,976.9275,0.390771,USDT,taker,0.0,2026-09-19 02:30:10.311000+00:00
148864832,2346475955,1789788639062,DOGEUSDT,SELL,0.08779,11070.0,971.8353,0.38873412,USDT,taker,-5.0922,2026-09-19 03:30:39.062000+00:00
539052740,28591175000,1789791309336,BTCUSDT,SELL,81152.1,0.012,973.8252,0.38953008,USDT,taker,0.0,2026-09-19 04:15:09.336000+00:00
539100283,28591362447,1789805902071,BTCUSDT,BUY,81182.5,0.012,974.19,0.389676,USDT,taker,-0.36479999,2026-09-19 08:18:22.071000+00:00
539102139,28591371754,1789806626533,BTCUSDT,BUY,81220.0,0.012,974.64,0.194928,USDT,maker,0.0,2026-09-19 08:30:26.533000+00:00
149013209,2346695071,1789814923588,DOGEUSDT,BUY,0.08772,11160.0,978.9552,0.19579104,USDT,maker,0.0,2026-09-19 10:48:43.588000+00:00
539158341,28591603624,1789825508084,BTCUSDT,SELL,81211.2,0.012,974.5344,0.38981376,USDT,taker,-0.1056,2026-09-19 13:45:08.084000+00:00
149090486,2346810024,1789827498071,DOGEUSDT,SELL,0.08938,11160.0,997.4808,0.39899232,USDT,taker,18.5256,2026-09-19 14:18:18.071000+00:00
329035744,16798748019,1789829112165,ETHUSDT,BUY,2637.98,0.371,978.69058,0.39147623,USDT,taker,0.0,2026-09-19 14:45:12.165000+00:00
93320406,4207373500,1789831814326,SOLUSDT,BUY,111.75,8.77,980.0475,0.392019,USDT,taker,0.0,2026-09-19 15:30:14.326000+00:00
93324339,4207388168,1789833613224,SOLUSDT,SELL,111.59,8.77,978.6443,0.39145772,USDT,taker,-1.4032,2026-09-19 16:00:13.224000+00:00
93331432,4207416616,1789837212971,SOLUSDT,BUY,111.84,0.89,99.5376,0.03981504,USDT,taker,0.0,2026-09-19 17:00:12.971000+00:00
93331433,4207416616,1789837212971,SOLUSDT,BUY,111.87,7.87,880.4169,0.35216676,USDT,taker,0.0,2026-09-19 17:00:12.971000+00:00
93334795,4207429478,1789838909071,SOLUSDT,SELL,111.51,8.76,976.8276,0.39073104,USDT,taker,-3.1269,2026-09-19 17:28:29.071000+00:00
329107347,16798910382,1789844410996,ETHUSDT,SELL,2637.99,0.371,978.69429,0.39147771,USDT,taker,0.00371,2026-09-19 19:00:10.996000+00:00
93391521,4207643159,1789865117864,SOLUSDT,BUY,111.08,0.1,11.108,0.00222159,USDT,maker,0.0,2026-09-20 00:45:17.864000+00:00
93391522,4207643159,1789865118199,SOLUSDT,BUY,111.08,0.14,15.5512,0.00311024,USDT,maker,0.0,2026-09-20 00:45:18.199000+00:00
93391523,4207643159,1789865118430,SOLUSDT,BUY,111.08,0.09,9.9972,0.00199944,USDT,maker,0.0,2026-09-20 00:45:18.430000+00:00
93391524,4207643159,1789865118704,SOLUSDT,BUY,111.08,0.05,5.554,0.00111079,USDT,maker,0.0,2026-09-20 00:45:18.704000+00:00
93391525,4207643159,1789865118736,SOLUSDT,BUY,111.08,0.07,7.7756,0.00155512,USDT,maker,0.0,2026-09-20 00:45:18.736000+00:00
93391526,4207643159,1789865120938,SOLUSDT,BUY,111.08,0.07,7.7756,0.00155512,USDT,maker,0.0,2026-09-20 00:45:20.938000+00:00
93391527,4207643159,1789865120944,SOLUSDT,BUY,111.08,0.06,6.6648,0.00133296,USDT,maker,0.0,2026-09-20 00:45:20.944000+00:00
93391528,4207643159,1789865120958,SOLUSDT,BUY,111.08,0.05,5.554,0.00111079,USDT,maker,0.0,2026-09-20 00:45:20.958000+00:00
93391529,4207643159,1789865123061,SOLUSDT,BUY,111.08,0.1,11.108,0.00222159,USDT,maker,0.0,2026-09-20 00:45:23.061000+00:00
93391530,4207643159,1789865123253,SOLUSDT,BUY,111.08,0.09,9.9972,0.00199944,USDT,maker,0.0,2026-09-20 00:45:23.253000+00:00
93391531,4207643159,1789865123738,SOLUSDT,BUY,111.08,0.06,6.6648,0.00133296,USDT,maker,0.0,2026-09-20 00:45:23.738000+00:00
93391532,4207643159,1789865123920,SOLUSDT,BUY,111.08,0.09,9.9972,0.00199944,USDT,maker,0.0,2026-09-20 00:45:23.920000+00:00
93391533,4207643159,1789865124061,SOLUSDT,BUY,111.08,0.08,8.8864,0.00177728,USDT,maker,0.0,2026-09-20 00:45:24.061000+00:00
93391534,4207643159,1789865125674,SOLUSDT,BUY,111.08,0.05,5.554,0.00111079,USDT,maker,0.0,2026-09-20 00:45:25.674000+00:00
93391535,4207643159,1789865125854,SOLUSDT,BUY,111.08,0.07,7.7756,0.00155512,USDT,maker,0.0,2026-09-20 00:45:25.854000+00:00
93391536,4207643159,1789865125968,SOLUSDT,BUY,111.08,0.08,8.8864,0.00177728,USDT,maker,0.0,2026-09-20 00:45:25.968000+00:00
93391537,4207643159,1789865126019,SOLUSDT,BUY,111.08,0.1,11.108,0.00222159,USDT,maker,0.0,2026-09-20 00:45:26.019000+00:00
93391538,4207643159,1789865128182,SOLUSDT,BUY,111.08,0.1,11.108,0.00222159,USDT,maker,0.0,2026-09-20 00:45:28.182000+00:00
93391539,4207643159,1789865128785,SOLUSDT,BUY,111.08,0.05,5.554,0.00111079,USDT,maker,0.0,2026-09-20 00:45:28.785000+00:00
93391540,4207643159,1789865129083,SOLUSDT,BUY,111.08,0.07,7.7756,0.00155512,USDT,maker,0.0,2026-09-20 00:45:29.083000+00:00
93391541,4207643159,1789865130562,SOLUSDT,BUY,111.08,0.1,11.108,0.00222159,USDT,maker,0.0,2026-09-20 00:45:30.562000+00:00
93391542,4207643159,1789865130568,SOLUSDT,BUY,111.08,0.06,6.6648,0.00133296,USDT,maker,0.0,2026-09-20 00:45:30.568000+00:00
93391543,4207643159,1789865130592,SOLUSDT,BUY,111.08,0.09,9.9972,0.00199944,USDT,maker,0.0,2026-09-20 00:45:30.592000+00:00
93391544,4207643159,1789865130603,SOLUSDT,BUY,111.08,0.08,8.8864,0.00177728,USDT,maker,0.0,2026-09-20 00:45:30.603000+00:00
93391546,4207643159,1789865132541,SOLUSDT,BUY,111.08,0.1,11.108,0.00222159,USDT,maker,0.0,2026-09-20 00:45:32.541000+00:00
539289756,28592190978,1789865132633,BTCUSDT,BUY,81281.5,0.0009,73.15335,0.01463067,USDT,maker,0.0,2026-09-20 00:45:32.633000+00:00
93391547,4207643159,1789865132701,SOLUSDT,BUY,111.08,0.13,14.4404,0.00288808,USDT,maker,0.0,2026-09-20 00:45:32.701000+00:00
93391548,4207643159,1789865133010,SOLUSDT,BUY,111.08,0.09,9.9972,0.00199944,USDT,maker,0.0,2026-09-20 00:45:33.010000+00:00
539289758,28592190978,1789865133169,BTCUSDT,BUY,81281.5,0.0012,97.5378,0.01950756,USDT,maker,0.0,2026-09-20 00:45:33.169000+00:00
93391549,4207643159,1789865133664,SOLUSDT,BUY,111.08,0.09,9.9972,0.00199944,USDT,maker,0.0,2026-09-20 00:45:33.664000+00:00
93391550,4207643159,1789865133771,SOLUSDT,BUY,111.08,0.1,11.108,0.00222159,USDT,maker,0.0,2026-09-20 00:45:33.771000+00:00
93391551,4207643159,1789865134064,SOLUSDT,BUY,111.08,0.89,98.8612,0.01977224,USDT,maker,0.0,2026-09-20 00:45:34.064000+00:00
539289759,28592190978,1789865134540,BTCUSDT,BUY,81281.5,0.0007,56.89705,0.01137941,USDT,maker,0.0,2026-09-20 00:45:34.540000+00:00
539289760,28592190978,1789865134694,BTCUSDT,BUY,81281.5,0.0009,73.15335,0.01463067,USDT,maker,0.0,2026-09-20 00:45:34.694000+00:00
539289761,28592190978,1789865134699,BTCUSDT,BUY,81281.5,0.0008,65.0252,0.01300504,USDT,maker,0.0,2026-09-20 00:45:34.699000+00:00
539289762,28592190978,1789865134786,BTCUSDT,BUY,81281.5,0.0016,130.0504,0.02601008,USDT,maker,0.0,2026-09-20 00:45:34.786000+00:00
93391552,4207643159,1789865135043,SOLUSDT,BUY,111.08,0.11,12.2188,0.00244376,USDT,maker,0.0,2026-09-20 00:45:35.043000+00:00
93391553,4207643159,1789865135134,SOLUSDT,BUY,111.08,0.11,12.2188,0.00244376,USDT,maker,0.0,2026-09-20 00:45:35.134000+00:00
93391554,4207643159,1789865135195,SOLUSDT,BUY,111.08,0.08,8.8864,0.00177728,USDT,maker,0.0,2026-09-20 00:45:35.195000+00:00
93391555,4207643159,1789865135323,SOLUSDT,BUY,111.08,0.08,8.8864,0.00177728,USDT,maker,0.0,2026-09-20 00:45:35.323000+00:00
539289763,28592190978,1789865136765,BTCUSDT,BUY,81281.5,0.0009,73.15335,0.01463067,USDT,maker,0.0,2026-09-20 00:45:36.765000+00:00
539289764,28592190978,1789865136827,BTCUSDT,BUY,81281.5,0.001,81.2815,0.0162563,USDT,maker,0.0,2026-09-20 00:45:36.827000+00:00
539289765,28592190978,1789865136882,BTCUSDT,BUY,81281.5,0.0014,113.7941,0.02275882,USDT,maker,0.0,2026-09-20 00:45:36.882000+00:00
539289766,28592190978,1789865137170,BTCUSDT,BUY,81281.5,0.0013,105.66595,0.02113319,USDT,maker,0.0,2026-09-20 00:45:37.170000+00:00
93391556,4207643159,1789865137698,SOLUSDT,BUY,111.08,0.07,7.7756,0.00155512,USDT,maker,0.0,2026-09-20 00:45:37.698000+00:00
93391557,4207643159,1789865137762,SOLUSDT,BUY,111.08,0.06,6.6648,0.00133296,USDT,maker,0.0,2026-09-20 00:45:37.762000+00:00
93391558,4207643159,1789865137893,SOLUSDT,BUY,111.08,0.08,8.8864,0.00177728,USDT,maker,0.0,2026-09-20 00:45:37.893000+00:00
539289767,28592190978,1789865139503,BTCUSDT,BUY,81281.5,0.0012,97.5378,0.01950756,USDT,maker,0.0,2026-09-20 00:45:39.503000+00:00
539289768,28592190978,1789865139538,BTCUSDT,BUY,81281.5,0.0001,8.12815,0.00162563,USDT,maker,0.0,2026-09-20 00:45:39.538000+00:00
93391559,4207643159,1789865140058,SOLUSDT,BUY,111.08,0.07,7.7756,0.00155512,USDT,maker,0.0,2026-09-20 00:45:40.058000+00:00
93391560,4207643159,1789865140127,SOLUSDT,BUY,111.08,0.08,8.8864,0.00177728,USDT,maker,0.0,2026-09-20 00:45:40.127000+00:00
93391561,4207643159,1789865140247,SOLUSDT,BUY,111.08,0.08,8.8864,0.00177728,USDT,maker,0.0,2026-09-20 00:45:40.247000+00:00
93391562,4207643159,1789865141876,SOLUSDT,BUY,111.08,0.08,8.8864,0.00177728,USDT,maker,0.0,2026-09-20 00:45:41.876000+00:00
93391563,4207643159,1789865142034,SOLUSDT,BUY,111.08,0.05,5.554,0.00111079,USDT,maker,0.0,2026-09-20 00:45:42.034000+00:00
93391564,4207643159,1789865142097,SOLUSDT,BUY,111.08,0.1,11.108,0.00222159,USDT,maker,0.0,2026-09-20 00:45:42.097000+00:00
93391565,4207643159,1789865142614,SOLUSDT,BUY,111.08,0.14,15.5512,0.00311024,USDT,maker,0.0,2026-09-20 00:45:42.614000+00:00
93391566,4207643159,1789865144314,SOLUSDT,BUY,111.08,0.07,7.7756,0.00155512,USDT,maker,0.0,2026-09-20 00:45:44.314000+00:00
93391567,4207643159,1789865144330,SOLUSDT,BUY,111.08,0.13,14.4404,0.00288808,USDT,maker,0.0,2026-09-20 00:45:44.330000+00:00
93391568,4207643159,1789865144460,SOLUSDT,BUY,111.08,0.14,15.5512,0.00311024,USDT,maker,0.0,2026-09-20 00:45:44.460000+00:00
93391569,4207643159,1789865144490,SOLUSDT,BUY,111.08,0.06,6.6648,0.00133296,USDT,maker,0.0,2026-09-20 00:45:44.490000+00:00
93391570,4207643159,1789865146443,SOLUSDT,BUY,111.08,0.06,6.6648,0.00133296,USDT,maker,0.0,2026-09-20 00:45:46.443000+00:00
93391571,4207643159,1789865146450,SOLUSDT,BUY,111.08,0.06,6.6648,0.00133296,USDT,maker,0.0,2026-09-20 00:45:46.450000+00:00
93391572,4207643159,1789865146484,SOLUSDT,BUY,111.08,0.13,14.4404,0.00288808,USDT,maker,0.0,2026-09-20 00:45:46.484000+00:00
93391573,4207643159,1789865146820,SOLUSDT,BUY,111.08,0.07,7.7756,0.00155512,USDT,maker,0.0,2026-09-20 00:45:46.820000+00:00
93391574,4207643159,1789865148850,SOLUSDT,BUY,111.08,0.06,6.6648,0.00133296,USDT,maker,0.0,2026-09-20 00:45:48.850000+00:00
93391575,4207643159,1789865148971,SOLUSDT,BUY,111.08,0.1,11.108,0.00222159,USDT,maker,0.0,2026-09-20 00:45:48.971000+00:00
93391576,4207643159,1789865149045,SOLUSDT,BUY,111.08,0.05,5.554,0.00111079,USDT,maker,0.0,2026-09-20 00:45:49.045000+00:00
93391577,4207643159,1789865149087,SOLUSDT,BUY,111.08,0.07,7.7756,0.00155512,USDT,maker,0.0,2026-09-20 00:45:49.087000+00:00
93391578,4207643159,1789865150943,SOLUSDT,BUY,111.08,0.08,8.8864,0.00177728,USDT,maker,0.0,2026-09-20 00:45:50.943000+00:00
93391579,4207643159,1789865150967,SOLUSDT,BUY,111.08,0.05,5.554,0.00111079,USDT,maker,0.0,2026-09-20 00:45:50.967000+00:00
93391580,4207643159,1789865151160,SOLUSDT,BUY,111.08,0.09,9.9972,0.00199944,USDT,maker,0.0,2026-09-20 00:45:51.160000+00:00
93391581,4207643159,1789865151257,SOLUSDT,BUY,111.08,0.14,15.5512,0.00311024,USDT,maker,0.0,2026-09-20 00:45:51.257000+00:00
93391583,4207643159,1789865153117,SOLUSDT,BUY,111.08,0.08,8.8864,0.00177728,USDT,maker,0.0,2026-09-20 00:45:53.117000+00:00
93391584,4207643159,1789865153503,SOLUSDT,BUY,111.08,0.13,14.4404,0.00288808,USDT,maker,0.0,2026-09-20 00:45:53.503000+00:00
93391585,4207643159,1789865153747,SOLUSDT,BUY,111.08,0.14,15.5512,0.00311024,USDT,maker,0.0,2026-09-20 00:45:53.747000+00:00
93391586,4207643159,1789865153794,SOLUSDT,BUY,111.08,0.1,11.108,0.00222159,USDT,maker,0.0,2026-09-20 00:45:53.794000+00:00
93391587,4207643159,1789865155472,SOLUSDT,BUY,111.08,0.11,12.2188,0.00244376,USDT,maker,0.0,2026-09-20 00:45:55.472000+00:00
93391588,4207643159,1789865155549,SOLUSDT,BUY,111.08,0.08,8.8864,0.00177728,USDT,maker,0.0,2026-09-20 00:45:55.549000+00:00
93391589,4207643159,1789865155593,SOLUSDT,BUY,111.08,0.13,14.4404,0.00288808,USDT,maker,0.0,2026-09-20 00:45:55.593000+00:00
93391590,4207643159,1789865155661,SOLUSDT,BUY,111.08,0.09,9.9972,0.00199944,USDT,maker,0.0,2026-09-20 00:45:55.661000+00:00
93391591,4207643159,1789865157709,SOLUSDT,BUY,111.08,0.08,8.8864,0.00177728,USDT,maker,0.0,2026-09-20 00:45:57.709000+00:00
93391592,4207643159,1789865157727,SOLUSDT,BUY,111.08,0.07,7.7756,0.00155512,USDT,maker,0.0,2026-09-20 00:45:57.727000+00:00
93391593,4207643159,1789865157929,SOLUSDT,BUY,111.08,0.14,15.5512,0.00311024,USDT,maker,0.0,2026-09-20 00:45:57.929000+00:00
93391594,4207643159,1789865158506,SOLUSDT,BUY,111.08,0.05,5.554,0.00111079,USDT,maker,0.0,2026-09-20 00:45:58.506000+00:00
93391595,4207643159,1789865160197,SOLUSDT,BUY,111.08,0.08,8.8864,0.00177728,USDT,maker,0.0,2026-09-20 00:46:00.197000+00:00
93391596,4207643159,1789865160211,SOLUSDT,BUY,111.08,0.11,12.2188,0.00244376,USDT,maker,0.0,2026-09-20 00:46:00.211000+00:00
93391597,4207643159,1789865160261,SOLUSDT,BUY,111.08,0.05,5.554,0.00111079,USDT,maker,0.0,2026-09-20 00:46:00.261000+00:00
93391598,4207643159,1789865160308,SOLUSDT,BUY,111.08,0.08,8.8864,0.00177728,USDT,maker,0.0,2026-09-20 00:46:00.308000+00:00
93391599,4207643159,1789865162406,SOLUSDT,BUY,111.08,0.08,8.8864,0.00177728,USDT,maker,0.0,2026-09-20 00:46:02.406000+00:00
93391600,4207643159,1789865162666,SOLUSDT,BUY,111.08,0.07,7.7756,0.00155512,USDT,maker,0.0,2026-09-20 00:46:02.666000+00:00
93391601,4207643159,1789865164550,SOLUSDT,BUY,111.08,0.1,11.108,0.00222159,USDT,maker,0.0,2026-09-20 00:46:04.550000+00:00
93391602,4207643159,1789865164553,SOLUSDT,BUY,111.08,0.07,7.7756,0.00155512,USDT,maker,0.0,2026-09-20 00:46:04.553000+00:00
93391603,4207643159,1789865164590,SOLUSDT,BUY,111.08,0.13,14.4404,0.00288808,USDT,maker,0.0,2026-09-20 00:46:04.590000+00:00
93391604,4207643159,1789865165037,SOLUSDT,BUY,111.08,0.1,11.108,0.00222159,USDT,maker,0.0,2026-09-20 00:46:05.037000+00:00
93391605,4207643159,1789865166683,SOLUSDT,BUY,111.08,0.1,11.108,0.00222159,USDT,maker,0.0,2026-09-20 00:46:06.683000+00:00
93391606,4207643159,1789865166803,SOLUSDT,BUY,111.08,0.1,11.108,0.00222159,USDT,maker,0.0,2026-09-20 00:46:06.803000+00:00
93391607,4207643159,1789865166905,SOLUSDT,BUY,111.08,0.08,8.8864,0.00177728,USDT,maker,0.0,2026-09-20 00:46:06.905000+00:00
93391608,4207643159,1789865169222,SOLUSDT,BUY,111.08,0.14,15.5512,0.00311024,USDT,maker,0.0,2026-09-20 00:46:09.222000+00:00
93391609,4207643159,1789865169388,SOLUSDT,BUY,111.08,0.08,8.8864,0.00177728,USDT,maker,0.0,2026-09-20 00:46:09.388000+00:00
93391610,4207643159,1789865169451,SOLUSDT,BUY,111.08,0.08,8.8864,0.00177728,USDT,maker,0.0,2026-09-20 00:46:09.451000+00:00
93391611,4207643159,1789865169716,SOLUSDT,BUY,111.08,0.08,8.8864,0.00177728,USDT,maker,0.0,2026-09-20 00:46:09.716000+00:00
93391612,4207643159,1789865171381,SOLUSDT,BUY,111.08,0.09,9.9972,0.00199944,USDT,maker,0.0,2026-09-20 00:46:11.381000+00:00
93391613,4207643159,1789865171578,SOLUSDT,BUY,111.08,0.14,15.5512,0.00311024,USDT,maker,0.0,2026-09-20 00:46:11.578000+00:00
93391614,4207643159,1789865171668,SOLUSDT,BUY,111.08,0.02,2.2216,0.00044432,USDT,maker,0.0,2026-09-20 00:46:11.668000+00:00
93394114,4207653670,1789866522091,SOLUSDT,SELL,110.74,8.83,977.8342,0.39113368,USDT,taker,-3.0022,2026-09-20 01:08:42.091000+00:00
539294842,28592212055,1789866813062,BTCUSDT,SELL,81172.3,0.012,974.0676,0.38962704,USDT,taker,-1.3104,2026-09-20 01:13:33.062000+00:00
149592584,2347546734,1789912816062,DOGEUSDT,SELL,0.08491,59.0,5.00969,0.00100193,USDT,maker,0.0,2026-09-20 14:00:16.062000+00:00
149592585,2347546734,1789912816101,DOGEUSDT,SELL,0.08491,60.0,5.0946,0.00101892,USDT,maker,0.0,2026-09-20 14:00:16.101000+00:00
149592586,2347546734,1789912816250,DOGEUSDT,SELL,0.08491,68.0,5.77388,0.00115477,USDT,maker,0.0,2026-09-20 14:00:16.250000+00:00
149592587,2347546734,1789912816342,DOGEUSDT,SELL,0.08491,66.0,5.60406,0.00112081,USDT,maker,0.0,2026-09-20 14:00:16.342000+00:00
149592588,2347546734,1789912817997,DOGEUSDT,SELL,0.08491,1472.0,124.98752,0.0249975,USDT,maker,0.0,2026-09-20 14:00:17.997000+00:00
149592589,2347546734,1789912818486,DOGEUSDT,SELL,0.08491,63.0,5.34933,0.00106986,USDT,maker,0.0,2026-09-20 14:00:18.486000+00:00
149592590,2347546734,1789912818688,DOGEUSDT,SELL,0.08491,61.0,5.17951,0.0010359,USDT,maker,0.0,2026-09-20 14:00:18.688000+00:00
149592591,2347546734,1789912818794,DOGEUSDT,SELL,0.08491,62.0,5.26442,0.00105288,USDT,maker,0.0,2026-09-20 14:00:18.794000+00:00
149592592,2347546734,1789912819269,DOGEUSDT,SELL,0.08491,9619.0,816.74929,0.16334985,USDT,maker,0.0,2026-09-20 14:00:19.269000+00:00
149594753,2347549374,1789912987067,DOGEUSDT,BUY,0.08519,11530.0,982.2407,0.39289628,USDT,taker,-3.2284,2026-09-20 14:03:07.067000+00:00
539584699,28593592825,1789945507045,BTCUSDT,BUY,81140.0,0.012,973.68,0.194736,USDT,maker,0.0,2026-09-20 23:05:07.045000+00:00
539624014,28593736020,1789953802064,BTCUSDT,SELL,81750.0,0.012,981.0,0.3924,USDT,taker,7.32,2026-09-21 01:23:22.064000+00:00
539673050,28593898984,1789965266323,BTCUSDT,SELL,81249.0,0.012,974.988,0.1949976,USDT,maker,0.0,2026-09-21 04:34:26.323000+00:00
539678388,28593922559,1789966808781,BTCUSDT,BUY,81394.1,0.012,976.7292,0.39069168,USDT,taker,-1.7412,2026-09-21 05:00:08.781000+00:00
539679713,28593922670,1789967238903,BTCUSDT,BUY,81375.5,0.012,976.506,0.1953012,USDT,maker,0.0,2026-09-21 05:07:18.903000+00:00
539731483,28594209862,1789978990095,BTCUSDT,SELL,81946.9,0.012,983.3628,0.39334512,USDT,taker,6.8568,2026-09-21 08:23:10.095000+00:00
329734797,16800744617,1789979413079,ETHUSDT,BUY,2677.82,0.366,980.08212,0.39203284,USDT,taker,0.0,2026-09-21 08:30:13.079000+00:00
329751885,16800813191,1789983142071,ETHUSDT,SELL,2702.56,0.366,989.13696,0.39565478,USDT,taker,9.05484,2026-09-21 09:32:22.071000+00:00
93735626,4208825839,1790019015138,SOLUSDT,BUY,117.88,0.14,16.5032,0.00330064,USDT,maker,0.0,2026-09-21 19:30:15.138000+00:00
93735627,4208825839,1790019015178,SOLUSDT,BUY,117.88,0.08,9.4304,0.00188608,USDT,maker,0.0,2026-09-21 19:30:15.178000+00:00
93735628,4208825839,1790019015344,SOLUSDT,BUY,117.88,0.05,5.894,0.0011788,USDT,maker,0.0,2026-09-21 19:30:15.344000+00:00
93735629,4208825839,1790019016678,SOLUSDT,BUY,117.88,8.06,950.1128,0.19002256,USDT,maker,0.0,2026-09-21 19:30:16.678000+00:00
93781996,4208961064,1790039712469,SOLUSDT,SELL,117.89,8.33,982.0237,0.39280948,USDT,taker,0.08329999,2026-09-22 01:15:12.469000+00:00
93886315,4209288286,1790092490016,SOLUSDT,BUY,117.48,8.35,980.958,0.1961916,USDT,maker,0.0,2026-09-22 15:54:50.016000+00:00
93889004,4209299591,1790093718694,SOLUSDT,SELL,116.74,8.35,974.779,0.3899116,USDT,taker,-6.179,2026-09-22 16:15:18.694000+00:00
93893880,4209315211,1790096417445,SOLUSDT,BUY,117.45,0.35,41.1075,0.0082215,USDT,maker,0.0,2026-09-22 17:00:17.445000+00:00
93893885,4209315211,1790096418457,SOLUSDT,BUY,117.45,1.28,150.336,0.0300672,USDT,maker,0.0,2026-09-22 17:00:18.457000+00:00
93893886,4209315211,1790096418657,SOLUSDT,BUY,117.45,1.28,150.336,0.0300672,USDT,maker,0.0,2026-09-22 17:00:18.657000+00:00
93893888,4209315211,1790096418817,SOLUSDT,BUY,117.45,0.09,10.5705,0.00211409,USDT,maker,0.0,2026-09-22 17:00:18.817000+00:00
93893889,4209315211,1790096418825,SOLUSDT,BUY,117.45,0.08,9.396,0.0018792,USDT,maker,0.0,2026-09-22 17:00:18.825000+00:00
93893890,4209315211,1790096418839,SOLUSDT,BUY,117.45,0.06,7.047,0.0014094,USDT,maker,0.0,2026-09-22 17:00:18.839000+00:00
93893891,4209315211,1790096418909,SOLUSDT,BUY,117.45,1.28,150.336,0.0300672,USDT,maker,0.0,2026-09-22 17:00:18.909000+00:00
93893892,4209315211,1790096419106,SOLUSDT,BUY,117.45,1.28,150.336,0.0300672,USDT,maker,0.0,2026-09-22 17:00:19.106000+00:00
93893893,4209315211,1790096419322,SOLUSDT,BUY,117.45,0.07,8.2215,0.0016443,USDT,maker,0.0,2026-09-22 17:00:19.322000+00:00
93893894,4209315211,1790096419391,SOLUSDT,BUY,117.45,1.28,150.336,0.0300672,USDT,maker,0.0,2026-09-22 17:00:19.391000+00:00
93893895,4209315211,1790096419637,SOLUSDT,BUY,117.45,1.28,150.336,0.0300672,USDT,maker,0.0,2026-09-22 17:00:19.637000+00:00
93893896,4209315211,1790096419855,SOLUSDT,BUY,117.45,0.01,1.1745,0.0002349,USDT,maker,0.0,2026-09-22 17:00:19.855000+00:00
150655036,2349084808,1790099109951,DOGEUSDT,BUY,0.09959,56.0,5.57704,0.00223081,USDT,taker,0.0,2026-09-22 17:45:09.951000+00:00
150655037,2349084808,1790099109951,DOGEUSDT,BUY,0.09959,51.0,5.07909,0.00203163,USDT,taker,0.0,2026-09-22 17:45:09.951000+00:00
150655038,2349084808,1790099109951,DOGEUSDT,BUY,0.09959,56.0,5.57704,0.00223081,USDT,taker,0.0,2026-09-22 17:45:09.951000+00:00
150655039,2349084808,1790099109951,DOGEUSDT,BUY,0.09962,9665.0,962.8273,0.38513092,USDT,taker,0.0,2026-09-22 17:45:09.951000+00:00
150673681,2349111297,1790102709511,DOGEUSDT,SELL,0.09989,53.0,5.29417,0.00211766,USDT,taker,0.01433637,2026-09-22 18:45:09.511000+00:00
150673675,2349111297,1790102709511,DOGEUSDT,SELL,0.09989,54.0,5.39406,0.00215762,USDT,taker,0.01460686,2026-09-22 18:45:09.511000+00:00
150673676,2349111297,1790102709511,DOGEUSDT,SELL,0.09989,58.0,5.79362,0.00231744,USDT,taker,0.01568885,2026-09-22 18:45:09.511000+00:00
150673677,2349111297,1790102709511,DOGEUSDT,SELL,0.09989,58.0,5.79362,0.00231744,USDT,taker,0.01568885,2026-09-22 18:45:09.511000+00:00
150673678,2349111297,1790102709511,DOGEUSDT,SELL,0.09989,53.0,5.29417,0.00211766,USDT,taker,0.01433637,2026-09-22 18:45:09.511000+00:00
150673679,2349111297,1790102709511,DOGEUSDT,SELL,0.09989,55.0,5.49395,0.00219758,USDT,taker,0.01487736,2026-09-22 18:45:09.511000+00:00
150673683,2349111297,1790102709511,DOGEUSDT,SELL,0.09989,53.0,5.29417,0.00211766,USDT,taker,0.01433637,2026-09-22 18:45:09.511000+00:00
150673682,2349111297,1790102709511,DOGEUSDT,SELL,0.09989,53.0,5.29417,0.00211766,USDT,taker,0.01433637,2026-09-22 18:45:09.511000+00:00
150673674,2349111297,1790102709511,DOGEUSDT,SELL,0.09989,54.0,5.39406,0.00215762,USDT,taker,0.01460686,2026-09-22 18:45:09.511000+00:00
150673684,2349111297,1790102709511,DOGEUSDT,SELL,0.09989,57.0,5.69373,0.00227749,USDT,taker,0.01541836,2026-09-22 18:45:09.511000+00:00
150673685,2349111297,1790102709511,DOGEUSDT,SELL,0.09988,8339.0,832.89932,0.33315972,USDT,taker,2.17228913,2026-09-22 18:45:09.511000+00:00
150673680,2349111297,1790102709511,DOGEUSDT,SELL,0.09989,52.0,5.19428,0.00207771,USDT,taker,0.01406587,2026-09-22 18:45:09.511000+00:00
150673673,2349111297,1790102709511,DOGEUSDT,SELL,0.09989,58.0,5.79362,0.00231744,USDT,taker,0.01568885,2026-09-22 18:45:09.511000+00:00
150673669,2349111297,1790102709511,DOGEUSDT,SELL,0.09989,58.0,5.79362,0.00231744,USDT,taker,0.01568885,2026-09-22 18:45:09.511000+00:00
150673671,2349111297,1790102709511,DOGEUSDT,SELL,0.09989,58.0,5.79362,0.00231744,USDT,taker,0.01568885,2026-09-22 18:45:09.511000+00:00
150673670,2349111297,1790102709511,DOGEUSDT,SELL,0.09989,54.0,5.39406,0.00215762,USDT,taker,0.01460686,2026-09-22 18:45:09.511000+00:00
150673658,2349111297,1790102709511,DOGEUSDT,SELL,0.09989,59.0,5.89351,0.0023574,USDT,taker,0.01595935,2026-09-22 18:45:09.511000+00:00
150673668,2349111297,1790102709511,DOGEUSDT,SELL,0.09989,52.0,5.19428,0.00207771,USDT,taker,0.01406587,2026-09-22 18:45:09.511000+00:00
150673667,2349111297,1790102709511,DOGEUSDT,SELL,0.09989,54.0,5.39406,0.00215762,USDT,taker,0.01460686,2026-09-22 18:45:09.511000+00:00
150673666,2349111297,1790102709511,DOGEUSDT,SELL,0.09989,54.0,5.39406,0.00215762,USDT,taker,0.01460686,2026-09-22 18:45:09.511000+00:00
150673665,2349111297,1790102709511,DOGEUSDT,SELL,0.09989,56.0,5.59384,0.00223753,USDT,taker,0.01514786,2026-09-22 18:45:09.511000+00:00
150673664,2349111297,1790102709511,DOGEUSDT,SELL,0.09989,58.0,5.79362,0.00231744,USDT,taker,0.01568885,2026-09-22 18:45:09.511000+00:00
150673659,2349111297,1790102709511,DOGEUSDT,SELL,0.09989,56.0,5.59384,0.00223753,USDT,taker,0.01514786,2026-09-22 18:45:09.511000+00:00
150673663,2349111297,1790102709511,DOGEUSDT,SELL,0.09989,51.0,5.09439,0.00203775,USDT,taker,0.01379537,2026-09-22 18:45:09.511000+00:00
150673662,2349111297,1790102709511,DOGEUSDT,SELL,0.09989,60.0,5.9934,0.00239736,USDT,taker,0.01622985,2026-09-22 18:45:09.511000+00:00
150673661,2349111297,1790102709511,DOGEUSDT,SELL,0.09989,53.0,5.29417,0.00211766,USDT,taker,0.01433637,2026-09-22 18:45:09.511000+00:00
150673660,2349111297,1790102709511,DOGEUSDT,SELL,0.09989,55.0,5.49395,0.00219758,USDT,taker,0.01487736,2026-09-22 18:45:09.511000+00:00
150673672,2349111297,1790102709511,DOGEUSDT,SELL,0.09989,53.0,5.29417,0.00211766,USDT,taker,0.01433637,2026-09-22 18:45:09.511000+00:00
150678452,2349118487,1790103610856,DOGEUSDT,BUY,0.0999,52.0,5.1948,0.00207792,USDT,taker,0.0,2026-09-22 19:00:10.856000+00:00
150678453,2349118487,1790103610856,DOGEUSDT,BUY,0.09991,9755.0,974.62205,0.38984882,USDT,taker,0.0,2026-09-22 19:00:10.856000+00:00
540265936,28598679473,1790109909280,BTCUSDT,SELL,86282.1,0.0113,974.98773,0.38999509,USDT,taker,0.0,2026-09-22 20:45:09.280000+00:00
540304787,28598942869,1790122876087,BTCUSDT,BUY,86456.3,0.0113,976.95619,0.39078247,USDT,taker,-1.96846,2026-09-23 00:21:16.087000+00:00
150804069,2349297650,1790126660091,DOGEUSDT,SELL,0.10243,9807.0,1004.53101,0.4018124,USDT,taker,24.71416,2026-09-23 01:24:20.091000+00:00
93960147,4209544213,1790130612818,SOLUSDT,SELL,118.42,8.34,987.6228,0.39504912,USDT,taker,8.0898,2026-09-23 02:30:12.818000+00:00
93969233,4209587746,1790135501532,SOLUSDT,BUY,119.14,8.28,986.4792,0.19729584,USDT,maker,0.0,2026-09-23 03:51:41.532000+00:00
93996664,4209737738,1790148968062,SOLUSDT,SELL,118.21,8.28,978.7788,0.39151152,USDT,taker,-7.7004,2026-09-23 07:36:08.062000+00:00
540581242,28600755955,1790196309122,BTCUSDT,BUY,84371.9,0.0116,978.71404,0.39148561,USDT,taker,0.0,2026-09-23 20:45:09.122000+00:00
540584250,28600774701,1790197155064,BTCUSDT,SELL,84182.9,0.0116,976.52164,0.39060865,USDT,taker,-2.1924,2026-09-23 20:59:15.064000+00:00
151258240,2349976987,1790208011559,DOGEUSDT,SELL,0.09267,10649.0,986.84283,0.39473713,USDT,taker,0.0,2026-09-24 00:00:11.559000+00:00
151260284,2349979903,1790208324071,DOGEUSDT,BUY,0.09284,10649.0,988.65316,0.39546126,USDT,taker,-1.81033,2026-09-24 00:05:24.071000+00:00
330811742,16803913137,1790215321767,ETHUSDT,SELL,2673.99,0.367,981.35433,0.19627086,USDT,maker,0.0,2026-09-24 02:02:01.767000+00:00
330816978,16803924624,1790216253068,ETHUSDT,BUY,2688.0,0.367,986.496,0.3945984,USDT,taker,-5.14167,2026-09-24 02:17:33.068000+00:00
330837591,16803985632,1790220610654,ETHUSDT,SELL,2675.71,0.367,981.98557,0.39279422,USDT,taker,0.0,2026-09-24 03:30:10.654000+00:00
94151100,4210193753,1790222430219,SOLUSDT,SELL,114.66,0.2,22.932,0.0045864,USDT,maker,0.0,2026-09-24 04:00:30.219000+00:00
94151109,4210193753,1790222435152,SOLUSDT,SELL,114.66,0.06,6.8796,0.00137592,USDT,maker,0.0,2026-09-24 04:00:35.152000+00:00
94151110,4210193753,1790222435288,SOLUSDT,SELL,114.66,0.1,11.466,0.0022932,USDT,maker,0.0,2026-09-24 04:00:35.288000+00:00
94151172,4210193753,1790222463714,SOLUSDT,SELL,114.66,4.86,557.2476,0.11144952,USDT,maker,0.0,2026-09-24 04:01:03.714000+00:00
94151173,4210193753,1790222463766,SOLUSDT,SELL,114.66,0.65,74.529,0.0149058,USDT,maker,0.0,2026-09-24 04:01:03.766000+00:00
94151179,4210193753,1790222464538,SOLUSDT,SELL,114.66,0.2,22.932,0.0045864,USDT,maker,0.0,2026-09-24 04:01:04.538000+00:00
94151178,4210193753,1790222464538,SOLUSDT,SELL,114.66,0.2,22.932,0.0045864,USDT,maker,0.0,2026-09-24 04:01:04.538000+00:00
94151181,4210193753,1790222466539,SOLUSDT,SELL,114.66,0.07,8.0262,0.00160524,USDT,maker,0.0,2026-09-24 04:01:06.539000+00:00
94151216,4210193753,1790222489868,SOLUSDT,SELL,114.66,0.39,44.7174,0.00894348,USDT,maker,0.0,2026-09-24 04:01:29.868000+00:00
94151245,4210193753,1790222505403,SOLUSDT,SELL,114.66,0.2,22.932,0.0045864,USDT,maker,0.0,2026-09-24 04:01:45.403000+00:00
94151244,4210193753,1790222505403,SOLUSDT,SELL,114.66,0.2,22.932,0.0045864,USDT,maker,0.0,2026-09-24 04:01:45.403000+00:00
94151258,4210193753,1790222513317,SOLUSDT,SELL,114.66,0.05,5.733,0.0011466,USDT,maker,0.0,2026-09-24 04:01:53.317000+00:00
94151283,4210193753,1790222524603,SOLUSDT,SELL,114.66,0.53,60.7698,0.01215396,USDT,maker,0.0,2026-09-24 04:02:04.603000+00:00
94151294,4210193753,1790222528512,SOLUSDT,SELL,114.66,0.86,98.6076,0.01972152,USDT,maker,0.0,2026-09-24 04:02:08.512000+00:00
94157696,4210215243,1790225755081,SOLUSDT,BUY,115.11,8.57,986.4927,0.39459708,USDT,taker,-3.8565,2026-09-24 04:55:55.081000+00:00
330861163,16804046333,1790226163099,ETHUSDT,BUY,2683.7,0.367,984.9179,0.39396716,USDT,taker,-2.93233,2026-09-24 05:02:43.099000+00:00
540710749,28601463772,1790234110554,BTCUSDT,SELL,84018.6,0.0116,974.61576,0.3898463,USDT,taker,0.0,2026-09-24 07:15:10.554000+00:00
540714054,28601479468,1790234894075,BTCUSDT,BUY,84168.2,0.0116,976.35112,0.39054044,USDT,taker,-1.73536,2026-09-24 07:28:14.075000+00:00
331166017,16804815585,1790292613365,ETHUSDT,BUY,2691.33,0.021,56.51793,0.01130358,USDT,maker,0.0,2026-09-24 23:30:13.365000+00:00
331166059,16804815585,1790292632904,ETHUSDT,BUY,2691.33,0.1,269.133,0.0538266,USDT,maker,0.0,2026-09-24 23:30:32.904000+00:00
331166060,16804815585,1790292632941,ETHUSDT,BUY,2691.33,0.026,69.97458,0.01399491,USDT,maker,0.0,2026-09-24 23:30:32.941000+00:00
331166064,16804815585,1790292633822,ETHUSDT,BUY,2691.33,0.1,269.133,0.0538266,USDT,maker,0.0,2026-09-24 23:30:33.822000+00:00
331166066,16804815585,1790292634875,ETHUSDT,BUY,2691.33,0.1,269.133,0.0538266,USDT,maker,0.0,2026-09-24 23:30:34.875000+00:00
331166070,16804815585,1790292635998,ETHUSDT,BUY,2691.33,0.017,45.75261,0.00915052,USDT,maker,0.0,2026-09-24 23:30:35.998000+00:00
540949184,28602314155,1790293510369,BTCUSDT,BUY,84387.4,0.0014,118.14236,0.02362847,USDT,maker,0.0,2026-09-24 23:45:10.369000+00:00
540949186,28602314155,1790293510683,BTCUSDT,BUY,84387.4,0.0014,118.14236,0.02362847,USDT,maker,0.0,2026-09-24 23:45:10.683000+00:00
540949188,28602314155,1790293510959,BTCUSDT,BUY,84387.4,0.0014,118.14236,0.02362847,USDT,maker,0.0,2026-09-24 23:45:10.959000+00:00
540949189,28602314155,1790293510975,BTCUSDT,BUY,84387.4,0.001,84.3874,0.01687748,USDT,maker,0.0,2026-09-24 23:45:10.975000+00:00
540949190,28602314155,1790293511020,BTCUSDT,BUY,84387.4,0.001,84.3874,0.01687748,USDT,maker,0.0,2026-09-24 23:45:11.020000+00:00
540949191,28602314155,1790293511437,BTCUSDT,BUY,84387.4,0.0011,92.82614,0.01856522,USDT,maker,0.0,2026-09-24 23:45:11.437000+00:00
540949192,28602314155,1790293513546,BTCUSDT,BUY,84387.4,0.0009,75.94866,0.01518973,USDT,maker,0.0,2026-09-24 23:45:13.546000+00:00
540949193,28602314155,1790293513628,BTCUSDT,BUY,84387.4,0.001,84.3874,0.01687748,USDT,maker,0.0,2026-09-24 23:45:13.628000+00:00
540949194,28602314155,1790293513679,BTCUSDT,BUY,84387.4,0.0011,92.82614,0.01856522,USDT,maker,0.0,2026-09-24 23:45:13.679000+00:00
540949195,28602314155,1790293513693,BTCUSDT,BUY,84387.4,0.0008,67.50992,0.01350198,USDT,maker,0.0,2026-09-24 23:45:13.693000+00:00
540949196,28602314155,1790293515685,BTCUSDT,BUY,84387.4,0.0005,42.1937,0.00843874,USDT,maker,0.0,2026-09-24 23:45:15.685000+00:00
94303515,4210637705,1790293519529,SOLUSDT,BUY,117.02,8.38,980.6276,0.19612552,USDT,maker,0.0,2026-09-24 23:45:19.529000+00:00
331222527,16804925724,1790304369051,ETHUSDT,SELL,2682.31,0.364,976.36084,0.39054433,USDT,taker,-3.28328,2026-09-25 02:46:09.051000+00:00
540994566,28602445706,1790305220058,BTCUSDT,SELL,84179.3,0.0116,976.47988,0.39059195,USDT,taker,-2.41396,2026-09-25 03:00:20.058000+00:00
94332531,4210727281,1790307961066,SOLUSDT,SELL,116.52,8.38,976.4376,0.39057504,USDT,taker,-4.19,2026-09-25 03:46:01.066000+00:00
152092869,2351144161,1790352920244,DOGEUSDT,BUY,0.09795,1.0,0.09795,1.959e-05,USDT,maker,0.0,2026-09-25 16:15:20.244000+00:00
152093850,2351144161,1790353293369,DOGEUSDT,BUY,0.09795,57.0,5.58315,0.00111663,USDT,maker,0.0,2026-09-25 16:21:33.369000+00:00
152093851,2351144161,1790353293806,DOGEUSDT,BUY,0.09795,60.0,5.877,0.0011754,USDT,maker,0.0,2026-09-25 16:21:33.806000+00:00
152093852,2351144161,1790353293975,DOGEUSDT,BUY,0.09795,57.0,5.58315,0.00111663,USDT,maker,0.0,2026-09-25 16:21:33.975000+00:00
152093853,2351144161,1790353294014,DOGEUSDT,BUY,0.09795,54.0,5.2893,0.00105786,USDT,maker,0.0,2026-09-25 16:21:34.014000+00:00
152093854,2351144161,1790353295484,DOGEUSDT,BUY,0.09795,1283.0,125.66985,0.02513397,USDT,maker,0.0,2026-09-25 16:21:35.484000+00:00
152093855,2351144161,1790353297010,DOGEUSDT,BUY,0.09795,61.0,5.97495,0.00119499,USDT,maker,0.0,2026-09-25 16:21:37.010000+00:00
152093856,2351144161,1790353297378,DOGEUSDT,BUY,0.09795,54.0,5.2893,0.00105786,USDT,maker,0.0,2026-09-25 16:21:37.378000+00:00
152093857,2351144161,1790353297378,DOGEUSDT,BUY,0.09795,58.0,5.6811,0.00113622,USDT,maker,0.0,2026-09-25 16:21:37.378000+00:00
152093858,2351144161,1790353297544,DOGEUSDT,BUY,0.09795,58.0,5.6811,0.00113622,USDT,maker,0.0,2026-09-25 16:21:37.544000+00:00
152093859,2351144161,1790353300184,DOGEUSDT,BUY,0.09795,52.0,5.0934,0.00101868,USDT,maker,0.0,2026-09-25 16:21:40.184000+00:00
152093860,2351144161,1790353300675,DOGEUSDT,BUY,0.09795,53.0,5.19135,0.00103827,USDT,maker,0.0,2026-09-25 16:21:40.675000+00:00
152093861,2351144161,1790353300684,DOGEUSDT,BUY,0.09795,53.0,5.19135,0.00103827,USDT,maker,0.0,2026-09-25 16:21:40.684000+00:00
152093862,2351144161,1790353300754,DOGEUSDT,BUY,0.09795,58.0,5.6811,0.00113622,USDT,maker,0.0,2026-09-25 16:21:40.754000+00:00
152093863,2351144161,1790353302223,DOGEUSDT,BUY,0.09795,55.0,5.38725,0.00107745,USDT,maker,0.0,2026-09-25 16:21:42.223000+00:00
152093864,2351144161,1790353302831,DOGEUSDT,BUY,0.09795,60.0,5.877,0.0011754,USDT,maker,0.0,2026-09-25 16:21:42.831000+00:00
152093865,2351144161,1790353302889,DOGEUSDT,BUY,0.09795,58.0,5.6811,0.00113622,USDT,maker,0.0,2026-09-25 16:21:42.889000+00:00
152093866,2351144161,1790353302930,DOGEUSDT,BUY,0.09795,61.0,5.97495,0.00119499,USDT,maker,0.0,2026-09-25 16:21:42.930000+00:00
152093867,2351144161,1790353305484,DOGEUSDT,BUY,0.09795,56.0,5.4852,0.00109704,USDT,maker,0.0,2026-09-25 16:21:45.484000+00:00
152093868,2351144161,1790353305573,DOGEUSDT,BUY,0.09795,54.0,5.2893,0.00105786,USDT,maker,0.0,2026-09-25 16:21:45.573000+00:00
152093869,2351144161,1790353305583,DOGEUSDT,BUY,0.09795,57.0,5.58315,0.00111663,USDT,maker,0.0,2026-09-25 16:21:45.583000+00:00
152093870,2351144161,1790353306268,DOGEUSDT,BUY,0.09795,60.0,5.877,0.0011754,USDT,maker,0.0,2026-09-25 16:21:46.268000+00:00
152093871,2351144161,1790353309623,DOGEUSDT,BUY,0.09795,54.0,5.2893,0.00105786,USDT,maker,0.0,2026-09-25 16:21:49.623000+00:00
152093872,2351144161,1790353309964,DOGEUSDT,BUY,0.09795,58.0,5.6811,0.00113622,USDT,maker,0.0,2026-09-25 16:21:49.964000+00:00
152093873,2351144161,1790353310392,DOGEUSDT,BUY,0.09795,57.0,5.58315,0.00111663,USDT,maker,0.0,2026-09-25 16:21:50.392000+00:00
152093874,2351144161,1790353310715,DOGEUSDT,BUY,0.09795,56.0,5.4852,0.00109704,USDT,maker,0.0,2026-09-25 16:21:50.715000+00:00
152093875,2351144161,1790353312886,DOGEUSDT,BUY,0.09795,53.0,5.19135,0.00103827,USDT,maker,0.0,2026-09-25 16:21:52.886000+00:00
152093876,2351144161,1790353312886,DOGEUSDT,BUY,0.09795,52.0,5.0934,0.00101868,USDT,maker,0.0,2026-09-25 16:21:52.886000+00:00
152093877,2351144161,1790353313320,DOGEUSDT,BUY,0.09795,58.0,5.6811,0.00113622,USDT,maker,0.0,2026-09-25 16:21:53.320000+00:00
152093878,2351144161,1790353314796,DOGEUSDT,BUY,0.09795,57.0,5.58315,0.00111663,USDT,maker,0.0,2026-09-25 16:21:54.796000+00:00
152093879,2351144161,1790353315068,DOGEUSDT,BUY,0.09795,53.0,5.19135,0.00103827,USDT,maker,0.0,2026-09-25 16:21:55.068000+00:00
152093880,2351144161,1790353316083,DOGEUSDT,BUY,0.09795,56.0,5.4852,0.00109704,USDT,maker,0.0,2026-09-25 16:21:56.083000+00:00
152093881,2351144161,1790353316384,DOGEUSDT,BUY,0.09795,54.0,5.2893,0.00105786,USDT,maker,0.0,2026-09-25 16:21:56.384000+00:00
152093882,2351144161,1790353316411,DOGEUSDT,BUY,0.09795,52.0,5.0934,0.00101868,USDT,maker,0.0,2026-09-25 16:21:56.411000+00:00
152093883,2351144161,1790353317508,DOGEUSDT,BUY,0.09795,52.0,5.0934,0.00101868,USDT,maker,0.0,2026-09-25 16:21:57.508000+00:00
152093884,2351144161,1790353319227,DOGEUSDT,BUY,0.09795,53.0,5.19135,0.00103827,USDT,maker,0.0,2026-09-25 16:21:59.227000+00:00
152093885,2351144161,1790353319249,DOGEUSDT,BUY,0.09795,53.0,5.19135,0.00103827,USDT,maker,0.0,2026-09-25 16:21:59.249000+00:00
152093886,2351144161,1790353319298,DOGEUSDT,BUY,0.09795,6748.0,660.9666,0.13219332,USDT,maker,0.0,2026-09-25 16:21:59.298000+00:00
152115749,2351178563,1790357408832,DOGEUSDT,SELL,0.09702,9986.0,968.84172,0.38753668,USDT,taker,-9.28698,2026-09-25 17:30:08.832000+00:00
331498541,16805492827,1790363714516,ETHUSDT,BUY,2694.85,0.009,24.25365,0.00485073,USDT,maker,0.0,2026-09-25 19:15:14.516000+00:00
331498543,16805492827,1790363716669,ETHUSDT,BUY,2694.85,0.01,26.9485,0.0053897,USDT,maker,0.0,2026-09-25 19:15:16.669000+00:00
331498544,16805492827,1790363717123,ETHUSDT,BUY,2694.85,0.014,37.7279,0.00754558,USDT,maker,0.0,2026-09-25 19:15:17.123000+00:00
331498545,16805492827,1790363717222,ETHUSDT,BUY,2694.85,0.017,45.81245,0.00916249,USDT,maker,0.0,2026-09-25 19:15:17.222000+00:00
331498546,16805492827,1790363717454,ETHUSDT,BUY,2694.85,0.008,21.5588,0.00431176,USDT,maker,0.0,2026-09-25 19:15:17.454000+00:00
331498548,16805492827,1790363719996,ETHUSDT,BUY,2694.85,0.014,37.7279,0.00754558,USDT,maker,0.0,2026-09-25 19:15:19.996000+00:00
331498549,16805492827,1790363720059,ETHUSDT,BUY,2694.85,0.01,26.9485,0.0053897,USDT,maker,0.0,2026-09-25 19:15:20.059000+00:00
331498550,16805492827,1790363720197,ETHUSDT,BUY,2694.85,0.008,21.5588,0.00431176,USDT,maker,0.0,2026-09-25 19:15:20.197000+00:00
331498551,16805492827,1790363721200,ETHUSDT,BUY,2694.85,0.008,21.5588,0.00431176,USDT,maker,0.0,2026-09-25 19:15:21.200000+00:00
331498552,16805492827,1790363722590,ETHUSDT,BUY,2694.85,0.009,24.25365,0.00485073,USDT,maker,0.0,2026-09-25 19:15:22.590000+00:00
331498553,16805492827,1790363722838,ETHUSDT,BUY,2694.85,0.012,32.3382,0.00646764,USDT,maker,0.0,2026-09-25 19:15:22.838000+00:00
331498554,16805492827,1790363722874,ETHUSDT,BUY,2694.85,0.009,24.25365,0.00485073,USDT,maker,0.0,2026-09-25 19:15:22.874000+00:00
331498556,16805492827,1790363723092,ETHUSDT,BUY,2694.85,0.016,43.1176,0.00862352,USDT,maker,0.0,2026-09-25 19:15:23.092000+00:00
331498557,16805492827,1790363724963,ETHUSDT,BUY,2694.85,0.026,70.0661,0.01401322,USDT,maker,0.0,2026-09-25 19:15:24.963000+00:00
331498558,16805492827,1790363725545,ETHUSDT,BUY,2694.85,0.009,24.25365,0.00485073,USDT,maker,0.0,2026-09-25 19:15:25.545000+00:00
331498559,16805492827,1790363725624,ETHUSDT,BUY,2694.85,0.01,26.9485,0.0053897,USDT,maker,0.0,2026-09-25 19:15:25.624000+00:00
331498560,16805492827,1790363725683,ETHUSDT,BUY,2694.85,0.008,21.5588,0.00431176,USDT,maker,0.0,2026-09-25 19:15:25.683000+00:00
331498562,16805492827,1790363725990,ETHUSDT,BUY,2694.85,0.016,43.1176,0.00862352,USDT,maker,0.0,2026-09-25 19:15:25.990000+00:00
331498565,16805492827,1790363728096,ETHUSDT,BUY,2694.85,0.008,21.5588,0.00431176,USDT,maker,0.0,2026-09-25 19:15:28.096000+00:00
331498566,16805492827,1790363728174,ETHUSDT,BUY,2694.85,0.009,24.25365,0.00485073,USDT,maker,0.0,2026-09-25 19:15:28.174000+00:00
331498567,16805492827,1790363728441,ETHUSDT,BUY,2694.85,0.008,21.5588,0.00431176,USDT,maker,0.0,2026-09-25 19:15:28.441000+00:00
331498568,16805492827,1790363728538,ETHUSDT,BUY,2694.85,0.015,40.42275,0.00808454,USDT,maker,0.0,2026-09-25 19:15:28.538000+00:00
331498570,16805492827,1790363729992,ETHUSDT,BUY,2694.85,0.009,24.25365,0.00485073,USDT,maker,0.0,2026-09-25 19:15:29.992000+00:00
331498571,16805492827,1790363730731,ETHUSDT,BUY,2694.85,0.009,24.25365,0.00485073,USDT,maker,0.0,2026-09-25 19:15:30.731000+00:00
331498572,16805492827,1790363730844,ETHUSDT,BUY,2694.85,0.014,37.7279,0.00754558,USDT,maker,0.0,2026-09-25 19:15:30.844000+00:00
331498573,16805492827,1790363730879,ETHUSDT,BUY,2694.85,0.008,21.5588,0.00431176,USDT,maker,0.0,2026-09-25 19:15:30.879000+00:00
331498574,16805492827,1790363731137,ETHUSDT,BUY,2694.85,0.009,24.25365,0.00485073,USDT,maker,0.0,2026-09-25 19:15:31.137000+00:00
331498576,16805492827,1790363733738,ETHUSDT,BUY,2694.85,0.005,13.47425,0.00269485,USDT,maker,0.0,2026-09-25 19:15:33.738000+00:00
331498577,16805492827,1790363733851,ETHUSDT,BUY,2694.85,0.016,43.1176,0.00862352,USDT,maker,0.0,2026-09-25 19:15:33.851000+00:00
331498578,16805492827,1790363734318,ETHUSDT,BUY,2694.85,0.012,32.3382,0.00646764,USDT,maker,0.0,2026-09-25 19:15:34.318000+00:00
331498580,16805492827,1790363736279,ETHUSDT,BUY,2694.85,0.01,26.9485,0.0053897,USDT,maker,0.0,2026-09-25 19:15:36.279000+00:00
331498581,16805492827,1790363736481,ETHUSDT,BUY,2694.85,0.011,29.64335,0.00592867,USDT,maker,0.0,2026-09-25 19:15:36.481000+00:00
331498582,16805492827,1790363736572,ETHUSDT,BUY,2694.85,0.006,16.1691,0.00323382,USDT,maker,0.0,2026-09-25 19:15:36.572000+00:00
331524251,16805545411,1790369705044,ETHUSDT,SELL,2685.32,0.362,972.08584,0.38883433,USDT,taker,-3.44986,2026-09-25 20:55:05.044000+00:00
94487571,4211161208,1790375413720,SOLUSDT,BUY,121.69,0.82,99.7858,0.01995716,USDT,maker,0.0,2026-09-25 22:30:13.720000+00:00
94487933,4211161208,1790375590779,SOLUSDT,BUY,121.69,7.19,874.9511,0.17499022,USDT,maker,0.0,2026-09-25 22:33:10.779000+00:00
331557777,16805617085,1790378113907,ETHUSDT,BUY,2692.71,0.037,99.63027,0.01992605,USDT,maker,0.0,2026-09-25 23:15:13.907000+00:00
331557843,16805617085,1790378151181,ETHUSDT,BUY,2692.71,0.014,37.69794,0.00753958,USDT,maker,0.0,2026-09-25 23:15:51.181000+00:00
331557896,16805617085,1790378177954,ETHUSDT,BUY,2692.71,0.311,837.43281,0.16748656,USDT,maker,0.0,2026-09-25 23:16:17.954000+00:00
331572125,16805653700,1790382692046,ETHUSDT,SELL,2685.69,0.362,972.21978,0.38888791,USDT,taker,-2.54124,2026-09-26 00:31:32.046000+00:00
165593828,3509421544,1790385313592,XRPUSDT,BUY,1.5672,621.5,974.0148,0.38960592,USDT,taker,0.0,2026-09-26 01:15:13.592000+00:00
94509782,4211216837,1790386212652,SOLUSDT,SELL,121.54,8.01,973.5354,0.38941416,USDT,taker,-1.2015,2026-09-26 01:30:12.652000+00:00
94511934,4211222261,1790387117551,SOLUSDT,BUY,122.06,0.11,13.4266,0.00268532,USDT,maker,0.0,2026-09-26 01:45:17.551000+00:00
94511936,4211222261,1790387119468,SOLUSDT,BUY,122.06,0.06,7.3236,0.00146472,USDT,maker,0.0,2026-09-26 01:45:19.468000+00:00
94511937,4211222261,1790387119734,SOLUSDT,BUY,122.06,0.06,7.3236,0.00146472,USDT,maker,0.0,2026-09-26 01:45:19.734000+00:00
94511938,4211222261,1790387119814,SOLUSDT,BUY,122.06,0.11,13.4266,0.00268532,USDT,maker,0.0,2026-09-26 01:45:19.814000+00:00
94511939,4211222261,1790387120037,SOLUSDT,BUY,122.06,0.13,15.8678,0.00317356,USDT,maker,0.0,2026-09-26 01:45:20.037000+00:00
94511940,4211222261,1790387121707,SOLUSDT,BUY,122.06,0.09,10.9854,0.00219708,USDT,maker,0.0,2026-09-26 01:45:21.707000+00:00
94511941,4211222261,1790387122043,SOLUSDT,BUY,122.06,0.09,10.9854,0.00219708,USDT,maker,0.0,2026-09-26 01:45:22.043000+00:00
94511942,4211222261,1790387122062,SOLUSDT,BUY,122.06,0.07,8.5442,0.00170884,USDT,maker,0.0,2026-09-26 01:45:22.062000+00:00
94511943,4211222261,1790387122596,SOLUSDT,BUY,122.06,0.05,6.103,0.0012206,USDT,maker,0.0,2026-09-26 01:45:22.596000+00:00
94511944,4211222261,1790387123095,SOLUSDT,BUY,122.06,0.06,7.3236,0.00146472,USDT,maker,0.0,2026-09-26 01:45:23.095000+00:00
94511945,4211222261,1790387124480,SOLUSDT,BUY,122.06,0.08,9.7648,0.00195296,USDT,maker,0.0,2026-09-26 01:45:24.480000+00:00
94511946,4211222261,1790387124489,SOLUSDT,BUY,122.06,0.07,8.5442,0.00170884,USDT,maker,0.0,2026-09-26 01:45:24.489000+00:00
94511947,4211222261,1790387124516,SOLUSDT,BUY,122.06,0.05,6.103,0.0012206,USDT,maker,0.0,2026-09-26 01:45:24.516000+00:00
94511948,4211222261,1790387126940,SOLUSDT,BUY,122.06,0.05,6.103,0.0012206,USDT,maker,0.0,2026-09-26 01:45:26.940000+00:00
94511949,4211222261,1790387127171,SOLUSDT,BUY,122.06,0.06,7.3236,0.00146472,USDT,maker,0.0,2026-09-26 01:45:27.171000+00:00
94511950,4211222261,1790387128344,SOLUSDT,BUY,122.06,0.13,15.8678,0.00317356,USDT,maker,0.0,2026-09-26 01:45:28.344000+00:00
331589236,16805691659,1790387128707,ETHUSDT,BUY,2693.46,0.004,10.77384,0.00215476,USDT,maker,0.0,2026-09-26 01:45:28.707000+00:00
331589237,16805691659,1790387129103,ETHUSDT,BUY,2693.46,0.011,29.62806,0.00592561,USDT,maker,0.0,2026-09-26 01:45:29.103000+00:00
94511951,4211222261,1790387129136,SOLUSDT,BUY,122.06,0.09,10.9854,0.00219708,USDT,maker,0.0,2026-09-26 01:45:29.136000+00:00
94511952,4211222261,1790387129171,SOLUSDT,BUY,122.06,0.12,14.6472,0.00292944,USDT,maker,0.0,2026-09-26 01:45:29.171000+00:00
331589238,16805691659,1790387129276,ETHUSDT,BUY,2693.46,0.015,40.4019,0.00808038,USDT,maker,0.0,2026-09-26 01:45:29.276000+00:00
94511953,4211222261,1790387129840,SOLUSDT,BUY,122.06,0.06,7.3236,0.00146472,USDT,maker,0.0,2026-09-26 01:45:29.840000+00:00
331589240,16805691659,1790387130259,ETHUSDT,BUY,2693.46,0.009,24.24114,0.00484822,USDT,maker,0.0,2026-09-26 01:45:30.259000+00:00
331589243,16805691659,1790387130551,ETHUSDT,BUY,2693.46,0.093,250.49178,0.05009835,USDT,maker,0.0,2026-09-26 01:45:30.551000+00:00
331589244,16805691659,1790387130646,ETHUSDT,BUY,2693.46,0.074,199.31604,0.0398632,USDT,maker,0.0,2026-09-26 01:45:30.646000+00:00
331589245,16805691659,1790387130679,ETHUSDT,BUY,2693.46,0.012,32.32152,0.0064643,USDT,maker,0.0,2026-09-26 01:45:30.679000+00:00
94511954,4211222261,1790387130692,SOLUSDT,BUY,122.06,0.05,6.103,0.0012206,USDT,maker,0.0,2026-09-26 01:45:30.692000+00:00
94511955,4211222261,1790387130772,SOLUSDT,BUY,122.06,0.07,8.5442,0.00170884,USDT,maker,0.0,2026-09-26 01:45:30.772000+00:00
331589246,16805691659,1790387130880,ETHUSDT,BUY,2693.46,0.01,26.9346,0.00538692,USDT,maker,0.0,2026-09-26 01:45:30.880000+00:00
94511956,4211222261,1790387130897,SOLUSDT,BUY,122.06,0.09,10.9854,0.00219708,USDT,maker,0.0,2026-09-26 01:45:30.897000+00:00
331589247,16805691659,1790387131015,ETHUSDT,BUY,2693.46,0.009,24.24114,0.00484822,USDT,maker,0.0,2026-09-26 01:45:31.015000+00:00
94511957,4211222261,1790387131250,SOLUSDT,BUY,122.06,0.07,8.5442,0.00170884,USDT,maker,0.0,2026-09-26 01:45:31.250000+00:00
331589248,16805691659,1790387131479,ETHUSDT,BUY,2693.46,0.014,37.70844,0.00754168,USDT,maker,0.0,2026-09-26 01:45:31.479000+00:00
94511958,4211222261,1790387132663,SOLUSDT,BUY,122.06,0.09,10.9854,0.00219708,USDT,maker,0.0,2026-09-26 01:45:32.663000+00:00
331589250,16805691659,1790387133125,ETHUSDT,BUY,2693.46,0.017,45.78882,0.00915776,USDT,maker,0.0,2026-09-26 01:45:33.125000+00:00
94511959,4211222261,1790387133188,SOLUSDT,BUY,122.06,0.09,10.9854,0.00219708,USDT,maker,0.0,2026-09-26 01:45:33.188000+00:00
331589251,16805691659,1790387133400,ETHUSDT,BUY,2693.46,0.01,26.9346,0.00538692,USDT,maker,0.0,2026-09-26 01:45:33.400000+00:00
331589252,16805691659,1790387133543,ETHUSDT,BUY,2693.46,0.017,45.78882,0.00915776,USDT,maker,0.0,2026-09-26 01:45:33.543000+00:00
94511960,4211222261,1790387133555,SOLUSDT,BUY,122.06,0.06,7.3236,0.00146472,USDT,maker,0.0,2026-09-26 01:45:33.555000+00:00
331589254,16805691659,1790387133604,ETHUSDT,BUY,2693.46,0.009,24.24114,0.00484822,USDT,maker,0.0,2026-09-26 01:45:33.604000+00:00
94511961,4211222261,1790387133606,SOLUSDT,BUY,122.06,0.1,12.206,0.0024412,USDT,maker,0.0,2026-09-26 01:45:33.606000+00:00
331589255,16805691659,1790387134500,ETHUSDT,BUY,2693.46,0.057,153.52722,0.03070544,USDT,maker,0.0,2026-09-26 01:45:34.500000+00:00
94511962,4211222261,1790387135622,SOLUSDT,BUY,122.06,0.11,13.4266,0.00268532,USDT,maker,0.0,2026-09-26 01:45:35.622000+00:00
94511963,4211222261,1790387135745,SOLUSDT,BUY,122.06,0.11,13.4266,0.00268532,USDT,maker,0.0,2026-09-26 01:45:35.745000+00:00
94511964,4211222261,1790387135923,SOLUSDT,BUY,122.06,0.08,9.7648,0.00195296,USDT,maker,0.0,2026-09-26 01:45:35.923000+00:00
94511965,4211222261,1790387135948,SOLUSDT,BUY,122.06,0.14,17.0884,0.00341768,USDT,maker,0.0,2026-09-26 01:45:35.948000+00:00
94511966,4211222261,1790387137998,SOLUSDT,BUY,122.06,0.1,12.206,0.0024412,USDT,maker,0.0,2026-09-26 01:45:37.998000+00:00
94511967,4211222261,1790387138116,SOLUSDT,BUY,122.06,0.05,6.103,0.0012206,USDT,maker,0.0,2026-09-26 01:45:38.116000+00:00
94511968,4211222261,1790387138364,SOLUSDT,BUY,122.06,0.13,15.8678,0.00317356,USDT,maker,0.0,2026-09-26 01:45:38.364000+00:00
94511969,4211222261,1790387138744,SOLUSDT,BUY,122.06,0.08,9.7648,0.00195296,USDT,maker,0.0,2026-09-26 01:45:38.744000+00:00
94511970,4211222261,1790387140069,SOLUSDT,BUY,122.06,0.07,8.5442,0.00170884,USDT,maker,0.0,2026-09-26 01:45:40.069000+00:00
94511972,4211222261,1790387140279,SOLUSDT,BUY,122.06,0.08,9.7648,0.00195296,USDT,maker,0.0,2026-09-26 01:45:40.279000+00:00
94511973,4211222261,1790387140406,SOLUSDT,BUY,122.06,0.14,17.0884,0.00341768,USDT,maker,0.0,2026-09-26 01:45:40.406000+00:00
94511974,4211222261,1790387141052,SOLUSDT,BUY,122.06,0.05,6.103,0.0012206,USDT,maker,0.0,2026-09-26 01:45:41.052000+00:00
94511975,4211222261,1790387142379,SOLUSDT,BUY,122.06,0.06,7.3236,0.00146472,USDT,maker,0.0,2026-09-26 01:45:42.379000+00:00
94511976,4211222261,1790387142438,SOLUSDT,BUY,122.06,0.05,6.103,0.0012206,USDT,maker,0.0,2026-09-26 01:45:42.438000+00:00
94511977,4211222261,1790387142524,SOLUSDT,BUY,122.06,0.08,9.7648,0.00195296,USDT,maker,0.0,2026-09-26 01:45:42.524000+00:00
94511978,4211222261,1790387143721,SOLUSDT,BUY,122.06,0.1,12.206,0.0024412,USDT,maker,0.0,2026-09-26 01:45:43.721000+00:00
94511979,4211222261,1790387144064,SOLUSDT,BUY,122.06,0.07,8.5442,0.00170884,USDT,maker,0.0,2026-09-26 01:45:44.064000+00:00
94511980,4211222261,1790387144109,SOLUSDT,BUY,122.06,0.14,17.0884,0.00341768,USDT,maker,0.0,2026-09-26 01:45:44.109000+00:00
94511981,4211222261,1790387144127,SOLUSDT,BUY,122.06,0.06,7.3236,0.00146472,USDT,maker,0.0,2026-09-26 01:45:44.127000+00:00
94511987,4211222261,1790387148941,SOLUSDT,BUY,122.06,0.13,15.8678,0.00317356,USDT,maker,0.0,2026-09-26 01:45:48.941000+00:00
94511988,4211222261,1790387149142,SOLUSDT,BUY,122.06,0.07,8.5442,0.00170884,USDT,maker,0.0,2026-09-26 01:45:49.142000+00:00
94511989,4211222261,1790387149281,SOLUSDT,BUY,122.06,0.07,8.5442,0.00170884,USDT,maker,0.0,2026-09-26 01:45:49.281000+00:00
94511990,4211222261,1790387149331,SOLUSDT,BUY,122.06,0.09,10.9854,0.00219708,USDT,maker,0.0,2026-09-26 01:45:49.331000+00:00
94511991,4211222261,1790387151236,SOLUSDT,BUY,122.06,0.08,9.7648,0.00195296,USDT,maker,0.0,2026-09-26 01:45:51.236000+00:00
94511992,4211222261,1790387151417,SOLUSDT,BUY,122.06,0.05,6.103,0.0012206,USDT,maker,0.0,2026-09-26 01:45:51.417000+00:00
94511993,4211222261,1790387151492,SOLUSDT,BUY,122.06,0.05,6.103,0.0012206,USDT,maker,0.0,2026-09-26 01:45:51.492000+00:00
94511994,4211222261,1790387151861,SOLUSDT,BUY,122.06,0.07,8.5442,0.00170884,USDT,maker,0.0,2026-09-26 01:45:51.861000+00:00
94511995,4211222261,1790387153991,SOLUSDT,BUY,122.06,0.06,7.3236,0.00146472,USDT,maker,0.0,2026-09-26 01:45:53.991000+00:00
94511996,4211222261,1790387153996,SOLUSDT,BUY,122.06,0.08,9.7648,0.00195296,USDT,maker,0.0,2026-09-26 01:45:53.996000+00:00
94511997,4211222261,1790387154284,SOLUSDT,BUY,122.06,0.09,10.9854,0.00219708,USDT,maker,0.0,2026-09-26 01:45:54.284000+00:00
94511998,4211222261,1790387154326,SOLUSDT,BUY,122.06,0.09,10.9854,0.00219708,USDT,maker,0.0,2026-09-26 01:45:54.326000+00:00
94511999,4211222261,1790387154857,SOLUSDT,BUY,122.06,0.05,6.103,0.0012206,USDT,maker,0.0,2026-09-26 01:45:54.857000+00:00
94512000,4211222261,1790387155126,SOLUSDT,BUY,122.06,0.09,10.9854,0.00219708,USDT,maker,0.0,2026-09-26 01:45:55.126000+00:00
94512001,4211222261,1790387156772,SOLUSDT,BUY,122.06,0.08,9.7648,0.00195296,USDT,maker,0.0,2026-09-26 01:45:56.772000+00:00
94512002,4211222261,1790387156812,SOLUSDT,BUY,122.06,0.11,13.4266,0.00268532,USDT,maker,0.0,2026-09-26 01:45:56.812000+00:00
94512003,4211222261,1790387156829,SOLUSDT,BUY,122.06,0.12,14.6472,0.00292944,USDT,maker,0.0,2026-09-26 01:45:56.829000+00:00
94512004,4211222261,1790387156838,SOLUSDT,BUY,122.06,0.09,10.9854,0.00219708,USDT,maker,0.0,2026-09-26 01:45:56.838000+00:00
94512006,4211222261,1790387159648,SOLUSDT,BUY,122.06,0.07,8.5442,0.00170884,USDT,maker,0.0,2026-09-26 01:45:59.648000+00:00
94512007,4211222261,1790387159753,SOLUSDT,BUY,122.06,0.11,13.4266,0.00268532,USDT,maker,0.0,2026-09-26 01:45:59.753000+00:00
94512008,4211222261,1790387161677,SOLUSDT,BUY,122.06,0.07,8.5442,0.00170884,USDT,maker,0.0,2026-09-26 01:46:01.677000+00:00
94512009,4211222261,1790387161963,SOLUSDT,BUY,122.06,0.05,6.103,0.0012206,USDT,maker,0.0,2026-09-26 01:46:01.963000+00:00
94512010,4211222261,1790387162024,SOLUSDT,BUY,122.06,0.06,7.3236,0.00146472,USDT,maker,0.0,2026-09-26 01:46:02.024000+00:00
94512011,4211222261,1790387162066,SOLUSDT,BUY,122.06,0.06,7.3236,0.00146472,USDT,maker,0.0,2026-09-26 01:46:02.066000+00:00
94512012,4211222261,1790387164494,SOLUSDT,BUY,122.06,1.63,198.9578,0.03979155,USDT,maker,0.0,2026-09-26 01:46:04.494000+00:00
94512013,4211222261,1790387164861,SOLUSDT,BUY,122.06,0.07,8.5442,0.00170884,USDT,maker,0.0,2026-09-26 01:46:04.861000+00:00
94512014,4211222261,1790387164917,SOLUSDT,BUY,122.06,0.11,13.4266,0.00268532,USDT,maker,0.0,2026-09-26 01:46:04.917000+00:00
94512015,4211222261,1790387165084,SOLUSDT,BUY,122.06,0.09,10.9854,0.00219708,USDT,maker,0.0,2026-09-26 01:46:05.084000+00:00
94512016,4211222261,1790387165383,SOLUSDT,BUY,122.06,0.09,10.9854,0.00219708,USDT,maker,0.0,2026-09-26 01:46:05.383000+00:00
94512446,4211222261,1790387342861,SOLUSDT,BUY,122.06,0.05,6.103,0.0012206,USDT,maker,0.0,2026-09-26 01:49:02.861000+00:00
94512447,4211222261,1790387342973,SOLUSDT,BUY,122.06,0.13,15.8678,0.00317356,USDT,maker,0.0,2026-09-26 01:49:02.973000+00:00
94512448,4211222261,1790387345894,SOLUSDT,BUY,122.06,0.06,7.3236,0.00146472,USDT,maker,0.0,2026-09-26 01:49:05.894000+00:00
94521486,4211250432,1790391605048,SOLUSDT,SELL,121.52,7.98,969.7296,0.38789184,USDT,taker,-4.3092,2026-09-26 03:00:05.048000+00:00
331606981,16805736775,1790392253059,ETHUSDT,SELL,2688.51,0.006,16.13106,0.00645242,USDT,taker,-0.0297,2026-09-26 03:10:53.059000+00:00
331606982,16805736775,1790392253059,ETHUSDT,SELL,2688.51,0.015,40.32765,0.01613106,USDT,taker,-0.07424999,2026-09-26 03:10:53.059000+00:00
331606983,16805736775,1790392253059,ETHUSDT,SELL,2688.51,0.34,914.0934,0.36563736,USDT,taker,-1.683,2026-09-26 03:10:53.059000+00:00
165625397,3509466358,1790392268079,XRPUSDT,SELL,1.5607,621.5,969.97505,0.38799002,USDT,taker,-4.03975,2026-09-26 03:11:08.079000+00:00
541289063,28603487994,1790395211538,BTCUSDT,SELL,83911.6,0.0115,964.9834,0.38599336,USDT,taker,0.0,2026-09-26 04:00:11.538000+00:00
331662269,16805913866,1790408712444,ETHUSDT,BUY,2688.39,0.362,973.19718,0.38927887,USDT,taker,0.0,2026-09-26 07:45:12.444000+00:00
541328811,28603660652,1790409082045,BTCUSDT,BUY,84039.1,0.0115,966.44965,0.38657986,USDT,taker,-1.46625,2026-09-26 07:51:22.045000+00:00
94563014,4211393866,1790412334276,SOLUSDT,BUY,121.1,8.01,970.011,0.1940022,USDT,maker,0.0,2026-09-26 08:45:34.276000+00:00
94566313,4211404363,1790413943057,SOLUSDT,SELL,120.35,8.01,964.0035,0.3856014,USDT,taker,-6.0075,2026-09-26 09:12:23.057000+00:00
331684847,16805985501,1790413994046,ETHUSDT,SELL,2683.64,0.362,971.47768,0.38859107,USDT,taker,-1.7195,2026-09-26 09:13:14.046000+00:00
152466369,2351679329,1790420469325,DOGEUSDT,BUY,0.09804,9890.0,969.6156,0.19392312,USDT,maker,0.0,2026-09-26 11:01:09.325000+00:00
94582159,4211489625,1790422213014,SOLUSDT,BUY,120.6,8.04,969.624,0.3878496,USDT,taker,0.0,2026-09-26 11:30:13.014000+00:00
331714261,16806090998,1790423343009,ETHUSDT,BUY,2688.94,0.008,21.51152,0.0043023,USDT,maker,0.0,2026-09-26 11:49:03.009000+00:00
331714262,16806090998,1790423343195,ETHUSDT,BUY,2688.94,0.012,32.26728,0.00645345,USDT,maker,0.0,2026-09-26 11:49:03.195000+00:00
331714263,16806090998,1790423343370,ETHUSDT,BUY,2688.94,0.017,45.71198,0.00914239,USDT,maker,0.0,2026-09-26 11:49:03.370000+00:00
331714264,16806090998,1790423343668,ETHUSDT,BUY,2688.94,0.008,21.51152,0.0043023,USDT,maker,0.0,2026-09-26 11:49:03.668000+00:00
331714265,16806090998,1790423345336,ETHUSDT,BUY,2688.94,0.017,45.71198,0.00914239,USDT,maker,0.0,2026-09-26 11:49:05.336000+00:00
331714266,16806090998,1790423345471,ETHUSDT,BUY,2688.94,0.01,26.8894,0.00537788,USDT,maker,0.0,2026-09-26 11:49:05.471000+00:00
331714267,16806090998,1790423345485,ETHUSDT,BUY,2688.94,0.016,43.02304,0.0086046,USDT,maker,0.0,2026-09-26 11:49:05.485000+00:00
331714268,16806090998,1790423345614,ETHUSDT,BUY,2688.94,0.008,21.51152,0.0043023,USDT,maker,0.0,2026-09-26 11:49:05.614000+00:00
331714269,16806090998,1790423347836,ETHUSDT,BUY,2688.94,0.009,24.20046,0.00484009,USDT,maker,0.0,2026-09-26 11:49:07.836000+00:00
331714270,16806090998,1790423347914,ETHUSDT,BUY,2688.94,0.012,32.26728,0.00645345,USDT,maker,0.0,2026-09-26 11:49:07.914000+00:00
331714271,16806090998,1790423348202,ETHUSDT,BUY,2688.94,0.013,34.95622,0.00699124,USDT,maker,0.0,2026-09-26 11:49:08.202000+00:00
331714272,16806090998,1790423348271,ETHUSDT,BUY,2688.94,0.23,618.4562,0.12369124,USDT,maker,0.0,2026-09-26 11:49:08.271000+00:00
152495125,2351719330,1790425686050,DOGEUSDT,SELL,0.09728,9890.0,962.0992,0.38483968,USDT,taker,-7.5164,2026-09-26 12:28:06.050000+00:00
331733476,16806164479,1790429251055,ETHUSDT,SELL,2682.62,0.36,965.7432,0.38629728,USDT,taker,-2.2752,2026-09-26 13:27:31.055000+00:00
152544120,2351792224,1790434817769,DOGEUSDT,BUY,0.09778,61.0,5.96458,0.00119291,USDT,maker,0.0,2026-09-26 15:00:17.769000+00:00
152544121,2351792224,1790434817905,DOGEUSDT,BUY,0.09778,55.0,5.3779,0.00107558,USDT,maker,0.0,2026-09-26 15:00:17.905000+00:00
152544122,2351792224,1790434817919,DOGEUSDT,BUY,0.09778,56.0,5.47568,0.00109513,USDT,maker,0.0,2026-09-26 15:00:17.919000+00:00
152544123,2351792224,1790434818131,DOGEUSDT,BUY,0.09778,59.0,5.76902,0.0011538,USDT,maker,0.0,2026-09-26 15:00:18.131000+00:00
152544126,2351792224,1790434820519,DOGEUSDT,BUY,0.09778,401.0,39.20978,0.00784195,USDT,maker,0.0,2026-09-26 15:00:20.519000+00:00
152544128,2351792224,1790434820843,DOGEUSDT,BUY,0.09778,55.0,5.3779,0.00107558,USDT,maker,0.0,2026-09-26 15:00:20.843000+00:00
152544129,2351792224,1790434820913,DOGEUSDT,BUY,0.09778,61.0,5.96458,0.00119291,USDT,maker,0.0,2026-09-26 15:00:20.913000+00:00
152544130,2351792224,1790434822901,DOGEUSDT,BUY,0.09778,52.0,5.08456,0.00101691,USDT,maker,0.0,2026-09-26 15:00:22.901000+00:00
152544131,2351792224,1790434822931,DOGEUSDT,BUY,0.09778,61.0,5.96458,0.00119291,USDT,maker,0.0,2026-09-26 15:00:22.931000+00:00
152544132,2351792224,1790434822950,DOGEUSDT,BUY,0.09778,52.0,5.08456,0.00101691,USDT,maker,0.0,2026-09-26 15:00:22.950000+00:00
152544133,2351792224,1790434823050,DOGEUSDT,BUY,0.09778,53.0,5.18234,0.00103646,USDT,maker,0.0,2026-09-26 15:00:23.050000+00:00
152544138,2351792224,1790434826377,DOGEUSDT,BUY,0.09778,8923.0,872.49094,0.17449818,USDT,maker,0.0,2026-09-26 15:00:26.377000+00:00
541409268,28604586648,1790438408895,BTCUSDT,BUY,84105.4,0.0114,958.80156,0.38352062,USDT,taker,0.0,2026-09-26 16:00:08.895000+00:00
152614614,2351890058,1790447408787,DOGEUSDT,SELL,0.0975,9889.0,964.1775,0.385671,USDT,taker,-2.76892,2026-09-26 18:30:08.787000+00:00
541437400,28604772454,1790449208251,BTCUSDT,SELL,83973.5,0.0114,957.2979,0.38291916,USDT,taker,-1.50366,2026-09-26 19:00:08.251000+00:00
94638539,4211663746,1790449216831,SOLUSDT,SELL,121.02,0.05,6.051,0.0024204,USDT,taker,0.021,2026-09-26 19:00:16.831000+00:00
94638540,4211663746,1790449216831,SOLUSDT,SELL,120.82,7.99,965.3518,0.38614072,USDT,taker,1.7578,2026-09-26 19:00:16.831000+00:00
541466056,28604916095,1790458210040,BTCUSDT,BUY,84091.0,0.0085,714.7735,0.14295469,USDT,maker,0.0,2026-09-26 21:30:10.040000+00:00
541466055,28604916095,1790458210040,BTCUSDT,BUY,84091.0,0.0029,243.8639,0.04877278,USDT,maker,0.0,2026-09-26 21:30:10.040000+00:00
94661427,4211732568,1790460011617,SOLUSDT,BUY,121.25,7.98,967.575,0.38703,USDT,taker,0.0,2026-09-26 22:00:11.617000+00:00
331845237,16806549300,1790460921957,ETHUSDT,BUY,2688.19,0.36,967.7484,0.19354968,USDT,maker,0.0,2026-09-26 22:15:21.957000+00:00
94682986,4211799458,1790469911471,SOLUSDT,SELL,120.95,7.98,965.181,0.3860724,USDT,taker,-2.394,2026-09-27 00:45:11.471000+00:00
541518086,28605170397,1790473910044,BTCUSDT,SELL,84415.5,0.0114,962.3367,0.38493468,USDT,taker,3.6993,2026-09-27 01:51:50.044000+00:00
331894984,16806689576,1790473915076,ETHUSDT,SELL,2697.33,0.36,971.0388,0.38841552,USDT,taker,3.2904,2026-09-27 01:51:55.076000+00:00
94693910,4211834424,1790475313576,SOLUSDT,BUY,121.44,7.96,966.6624,0.38666496,USDT,taker,0.0,2026-09-27 02:15:13.576000+00:00
94699856,4211851540,1790477876047,SOLUSDT,SELL,121.04,7.96,963.4784,0.38539136,USDT,taker,-3.184,2026-09-27 02:57:56.047000+00:00
166006942,3510055263,1790478170154,XRPUSDT,SELL,1.5199,635.7,966.20043,0.19324008,USDT,maker,0.0,2026-09-27 03:02:50.154000+00:00
166030374,3510096094,1790483872055,XRPUSDT,BUY,1.5078,635.7,958.50846,0.38340338,USDT,taker,7.69197,2026-09-27 04:37:52.055000+00:00
